basin.id,basin.name,2005,2010,2015,2020,2025,2030,2035,2040,2045,2050,2055,2060,2065,2070,2075,2080,2085,2090,2095,2100
1,Arctic Ocean Islands,45.33,40.09,40.83,44.14,42.77,42.51,42.24,44.18,44.9,45.48,49.61,45.94,46.36,50.03,49.55,49.44,48.96,51.69,52.82,53
2,Northwest Territories,225.28,245.02,249.97,276.8,287.67,296.63,304.13,303.2,292.09,260.07,264.9,290.59,299.46,328.39,338.6,352.24,359.31,357.36,350.74,332.4
3,"Siberia, North Coast",83.99,84.32,93.44,90.67,87.97,76.54,84.96,98.06,93.93,96,92.82,95.9,105.5,103.99,102.56,92.34,100.4,113.12,109.22,108.98
4,"Siberia, West Coast",385.65,386.43,396.03,372.96,374.14,389,396.37,395.97,415.89,412,423.96,436.81,452.04,439.52,446.31,466.98,472.48,470.03,493.89,506.52
5,Kara Sea Coast,95.43,92.53,96.33,92.35,87.46,96.3,96.11,101.97,95.54,98.71,102.66,103.36,107.19,105.26,101.77,109.67,110.72,116.05,110.38,115.32
6,Lena,291.74,295.36,292.94,286.07,302.54,298.38,278.64,303.33,310.37,317.69,312.8,320.37,320.49,320.3,338.08,336.75,317.68,339.43,350.68,355.78
7,Pacific and Arctic Coast,398.2,423.35,427.13,381.68,406.41,422.11,444.6,482.71,426.08,426.29,449.17,491.63,505.37,466.56,496.84,515.68,535.61,577.65,528.12,521.09
8,"Scandinavia, North Coast",243,226.58,244.99,231.51,243.11,236.76,239.95,256.57,232.52,242.82,244.76,233.59,251.74,240.02,252.08,245.75,249.31,266.39,242.03,262.33
9,"Russia, Barents Sea Coast",117.88,116.64,123.55,113.43,121.46,120.94,115.1,119.9,122.39,125.28,121.65,123.55,129.15,122.59,129.15,128.07,124.19,129.39,131.22,131.2
10,Mackenzie,312.85,356.33,354.89,357.56,368.65,343.56,369.96,388.94,377.22,332.52,334.96,384.66,386.65,392.09,405.3,384.03,407.81,427.53,417.46,381.11
11,Iceland,46.01,47.03,35.4,45.24,45.04,42.81,41.83,46.86,40.08,43.13,44.93,47.48,35.95,45.86,45.7,43.51,42.58,47.7,41.09,44.65
12,Sweden,164.96,164.58,170.57,157.39,167.64,166.74,170.71,167.57,158.38,179.66,168.27,170.87,177.18,164.07,175.39,175.72,178.78,176.72,167.99,196.69
13,Finland,66.38,62.44,62.91,60.09,65.08,63.74,66.5,65.51,60.96,67.05,67.55,64.25,65.94,62.71,67.51,67.02,69.79,69.1,63.78,72.17
14,Northern Dvina,56.24,56.08,54.7,52.41,54.5,57.05,55.93,55.44,54.87,57.98,55.7,56.93,55.67,53.9,56.43,57.97,57.23,56.83,56.97,59.25
15,Hudson Bay Coast,482.71,463.7,572.2,536.59,542.65,556.19,580.02,572.02,554.25,540.61,509.86,505.98,620.57,586.53,600.58,613.98,637.46,636.79,617.19,587.29
16,Scotland,30.34,28.23,28.78,24.76,27.67,31.91,30.24,32.44,25.54,30.02,29.62,28.82,29.29,25.27,28.41,32.68,31.05,33.37,26.37,31.63
17,Neva,61.74,62.95,59.04,55.88,59.48,60.3,61.86,63.32,57.02,61.37,61.22,64.42,60.14,56.19,60.02,63.05,64.35,65.13,59.01,63.48
18,Volga,383.81,400.61,370.76,349.63,359.99,380.22,374.09,372.85,368.05,361.66,366.13,387.26,353.18,326.35,336.63,364.5,355.35,352.28,337.97,356.41
19,Atlantic Ocean Seaboard,170.79,170.86,192.64,193.03,193.36,208.84,183.73,182.61,195.55,181.52,169.9,175.53,196.35,196.93,199.19,212.74,189.89,189.85,200.81,195.92
20,Baltic Sea Coast,12.83,12.18,11.28,9.89,11.13,13.22,11.69,11.85,10.5,11.92,12.62,11.98,11.43,9.33,10.62,13.41,11.97,12.09,10.65,12.44
21,Denmark - Germany Coast,13.08,13.42,14.64,12,11.95,14.53,13.61,13.23,12.49,15.03,12.71,13.65,15.03,11.97,12.1,14.56,13.76,13.57,12.79,14.83
22,Narva,9.32,10.44,8.9,8.52,9.05,9.63,8.99,8.9,9,9.28,9.16,10.18,8.73,7.74,8.27,9.63,9.05,8.83,9.17,8.8
23,Saskatchewan - Nelson,294.78,268.76,292.98,310.5,281.79,287.19,295.98,286.48,315.14,275.23,296.12,281.27,304.52,324.2,293.94,301.54,309.66,301.09,327.33,293.04
24,Ireland,22.81,22.94,22.06,20.16,21.25,25.43,21.88,23.17,21.46,23.99,22.26,23.59,22.75,20.81,22.05,26.48,22.59,24.23,22.4,25.75
25,Daugava,15.24,15.63,14.3,12.87,14.21,14.49,14.05,14.36,13.66,14.15,15.16,15.21,13.29,11.93,12.36,13.92,13.3,13.4,12.94,13
26,England and Wales,38.04,38.56,37.44,35.45,34.64,40.18,37.52,35.28,34.27,42.47,36.25,38.18,36.21,34.46,34.17,39.13,36.36,34.15,32.96,43.71
27,Fraser,89.77,91.25,94.18,89.53,86.03,82.89,81.31,88.89,94.87,80.1,87.38,94.16,97.08,93.83,91.22,86.16,86.35,94.34,100.33,89.74
28,Ems - Weser,11.57,11.13,11.77,10.67,10.31,11.73,11.6,10.77,11.04,11.56,10.72,10.79,11.26,9.9,9.99,10.89,11.06,9.97,10.45,11.1
29,Oder,18.8,19.11,19.68,18.16,18.32,18.8,19.15,18.37,18.8,18.15,17.37,18.11,18.5,16.6,17.33,17.35,16.85,16.2,17.03,16.8
30,Wisla,32.68,33.92,34.48,33.95,31.55,33.89,34.06,33.84,33.05,31.01,30.23,31.71,31.85,31.84,29.18,31.47,30.94,29.89,30.19,28.32
31,Elbe,27.06,26.58,27.79,25.57,24.75,26.59,27.1,24.28,26.45,26.21,25.73,25.3,26.35,23.64,24.02,24.66,24.17,22.24,24.79,24.34
32,Rhine,52.66,52.68,56.54,49.1,49.6,57.3,54.34,51.05,51.58,60.6,50.24,52.24,56.32,47.92,49.56,57.61,54.47,51.57,51.66,60.32
33,Poland Coast,7.57,8.08,7.85,7.76,7.12,8.78,7.99,7.52,7.33,7.6,7.45,8.06,7.74,7.76,6.83,8.88,7.92,7.32,7.34,7.7
34,Churchill,36.72,35.2,41.98,43.68,46.7,50.14,42.19,41.9,44.23,40.18,37.43,37.46,44.72,46.59,50.26,52.68,45.9,45.89,48.1,44.92
35,Neman,19.04,19.67,18.67,17.41,16.97,18.4,18.81,18.14,17.16,17.88,18.25,18.95,17.52,16.31,15.75,17.4,17.61,16.72,16.07,17.22
36,Scheldt,7.36,8.1,8.38,6.43,7.52,8.03,7.52,7.08,7.65,9.77,7.15,7.97,8.35,5.7,7.45,8.43,8.02,7.12,7.39,9.99
37,"Russia, South East Coast",21.56,23.2,19.97,24.27,16.84,19.48,20.22,18.93,20.75,20.58,21.99,23.75,20.79,25.24,17.03,20.75,21.24,20.09,21.93,21.84
38,Ural,16.25,17.17,16.7,17.18,14.67,17.49,16.87,16.73,16.23,15.81,15.94,17.16,16.38,17.05,14.67,17.47,16.83,16.46,16.32,16.29
39,Dnieper,118.77,115.48,110.88,112.45,114.3,114.97,113.53,116.41,114.43,107.35,112.9,110.96,104.17,105.98,106.63,104.94,104.7,105.75,103.74,92.66
40,St Lawrence,97.51,84.36,116.37,117.73,121.55,110.03,99.16,110.49,114.18,104.02,100.01,90.16,123.06,124.65,128.59,118.08,109.1,119.63,123.37,118.98
41,"France, West Coast",15.69,20.26,18.56,15.14,15.72,19.74,16.07,14.08,16.41,20.06,13.74,19.46,17.76,13.95,15.09,18.87,15.36,12.79,15.66,19.15
42,Gobi Interior,56.29,57.59,48.83,54.63,53.18,49.15,60.94,53.77,57.58,57.45,63.1,65.95,58.37,65.75,65.78,62.5,74.49,69.32,72.56,70.14
43,Amur,341.52,347.81,318.96,339.24,310.03,327.7,339.45,335.53,331.92,328.83,353.31,363.56,340.39,361.23,331.84,352.69,362.92,357.95,359.56,351.02
44,Loire,19.17,22.43,21.5,20.32,21.14,26.09,20.66,18.92,20.17,21.87,16.43,21.15,20.18,17.96,20.52,26.13,20.18,17.86,20.08,21.55
45,Caspian Sea Coast,45.75,49.55,48.11,46.02,41.84,48.07,41.69,49.37,44.83,41.64,43.68,48.3,46.38,44.75,41.04,46.83,41.67,47.98,44.16,40.67
46,Seine,12.68,12.62,12.88,11.77,12.14,13.42,11.96,11.97,11.34,13.19,11.35,11.66,12.24,10.3,11.35,14.23,12.37,11.17,11,12.71
47,"Black Sea, North Coast",38.3,38.03,35.33,37.28,38.82,37.26,34.64,40.49,38.6,34.26,35.44,35.99,32.9,34.88,36.34,33.77,32.28,37.8,35.16,30.83
48,Yenisey,620.15,631.52,622.53,574.07,621.4,596.8,591.33,626.33,620.6,637.48,632.71,659.03,652.19,613.66,660.49,629.99,629.03,662.13,655.44,675.7
49,Dniester,7.12,6.6,6.64,7.94,7.06,7.67,6.69,6.81,7.23,6.49,6.49,5.88,5.6,7.07,6.66,6.39,6.06,6.37,6.36,6.12
50,"Italy, East Coast",21.9,24.28,23.16,21.1,21.69,23.87,21.16,18.93,23.59,22.28,19.72,22.96,21.31,19.44,19.85,22.12,19.36,17.18,21.56,19.47
51,Japan,145.03,124.73,130.01,122.25,116.3,125.13,112.27,140.23,117.73,137.23,151.13,133.79,140.39,133.92,128.17,137.72,125.59,155.36,131.46,156.4
52,"Caspian Sea, East Coast",23,19.18,20.32,21.53,21.31,26.78,18.93,22.65,19.56,19.4,21.12,18.02,18.94,20.2,20.16,24.88,17.87,20.84,17.76,17.15
53,Don,68.55,71.48,65.95,67.7,75.57,71.63,65.79,73.53,69.31,68.01,64.66,68.77,61.67,64.42,69.91,67.63,61.91,68.58,64.47,60.82
54,Danube,194,177.03,196.9,186.29,176.55,194.19,168,169.89,188.02,181.4,178.1,163.85,181.16,169.23,161.97,175.52,152.83,154.87,170.92,165.9
55,Adriatic Sea - Greece - Black Sea Coast,71.03,71.1,71.93,69.29,61.87,73.52,64.65,55.3,71.5,69.01,65.45,67.31,67.9,64.81,54.74,68.55,59.45,47.79,66.21,63.02
56,Ob,492.07,499.26,478.8,490.55,458.16,479.62,512.46,470.53,483.01,474.9,486.92,507.66,487.7,499.13,471.17,488.98,522.77,482.69,496.17,511.69
57,Po,27.78,31.52,31.09,27.81,33.01,31.15,27.06,24.46,28.7,29.98,24.88,28.98,27.94,24.78,29.54,27.56,23.82,21.28,25.35,26.72
58,Amu Darya,93.6,74.07,75.28,72.51,60.49,74.38,69.66,78.15,65.23,72,88.41,73.36,74.54,72.46,61.78,74.66,70.82,78.6,66.27,66.17
59,"Italy, West Coast",8.32,8.79,7.88,8.36,7.92,8.9,8.4,6.67,8.69,7.74,7.42,7.95,7.03,7.18,6.84,7.83,7.04,5.59,7.59,6.34
60,"Spain - Portugal, Atlantic Coast",18.98,27.99,26.2,23.66,22.93,27.34,25.31,20.7,25.78,23.37,17.19,26.6,24.82,22.24,21.39,25.74,23.75,19.33,24.29,21.4
61,"France, South Coast",3.42,4.72,3.91,4.49,4.24,3.75,3.73,3.05,4.37,4.22,3.07,4.38,3.54,4.1,3.91,3.42,3.38,2.77,4.06,3.67
62,Rhone,34.26,39.95,36.95,36.97,42.98,40.88,36.24,31.81,37.81,41.06,31.51,38.18,34.88,34.49,40.4,39.35,35.11,30.78,36.41,37.88
63,Mediterranean Sea Islands,6.82,6.52,6.54,6.98,6.46,6.4,6.57,5.75,6.73,6.13,6.15,6.12,6.09,6.25,5.81,5.82,5.73,5.22,6.07,5.18
64,Gironde,12.86,16.29,15.09,14.32,14.48,15.86,13.16,12.54,15.77,13.89,11.26,15.39,14.27,13.12,13.75,14.93,12.21,11.45,14.86,12.56
65,North and South Korea,56.36,51.31,53.07,57.83,41.96,48.53,58.22,53.46,47.06,57.24,60.36,56.31,59.19,64.63,48.25,55.86,65.87,61.62,54.46,78.72
66,"Bo Hai - Korean Bay, North Coast",87.68,77.54,79.49,78.04,70.32,65.59,89.53,72.3,83.72,76.01,94.18,86.71,90.01,89.26,81.9,77.88,102.74,83.6,98.89,94.89
67,"Spain, South and East Coast",10.13,11.73,11.16,12.49,9.2,9.02,8.82,10.91,11.01,8.99,7.91,10.05,9.6,10.37,7.07,6.82,6.68,8.12,8.42,6.26
68,Lake Balkash,35.89,41.12,36.07,35.26,31.63,37.48,38.7,36.47,33.78,39.07,35.49,41.93,36.88,37.39,33.95,38.47,40.06,38.01,36.08,40.37
69,Tiber,4.05,4.69,4.5,3.98,3.97,5.04,4.44,3.85,3.93,3.63,3.52,4.27,3.87,3.45,3.35,4.35,3.73,3.29,3.4,2.92
70,"Black Sea, South Coast",56.66,54.33,54.67,56.62,49.93,55.09,51.88,54.52,51.15,52.55,52.27,49.7,50.91,52.94,45.66,50.96,47.05,49.98,46.76,46.74
71,Tagus,9.14,13.9,14.3,11.1,10.75,11.98,10.87,9.98,13.43,8.5,7.14,11.56,11.95,8.87,8.39,9.66,8.21,7.39,10.8,6.49
72,"Caspian Sea, South West Coast",44.85,38.19,46.44,43.61,42.85,44.12,42.29,43.79,40.84,38.28,38.92,33.09,41.1,37.54,36.75,38.03,36.19,37.75,34,30.42
73,Ebro,14.72,20.32,18.88,18.54,15.92,18.4,15.22,15.8,17.35,16.37,11.86,18.32,16.2,15.17,12.68,14.6,12.42,11.96,13.55,12.46
74,Douro,14.81,26.67,24.5,21.4,20.14,24.13,21.38,18.23,23.82,18.84,12.49,24.83,22.34,18.54,17.35,21.67,18.64,15.63,21.19,16.88
75,"Mediterranean Sea, East Coast",41.03,36.33,42.46,41.72,33.33,43.19,38.4,35.22,37.58,36.74,35.89,32.82,38.35,37.25,28.88,38.06,33.36,30.29,32.33,31.19
76,Syr Darya,100.02,103.99,99.09,102.01,86.8,105.36,105.19,103.94,95.17,95.33,99.37,107.11,103.11,107.38,94.04,110.03,112.63,109.62,102.35,101.62
77,"Ziya He, Interior",55.41,50.81,47.73,49.4,56.1,48.86,52.26,55.07,56.99,53.32,62.21,59.11,59.37,59.53,65.13,61.19,61.83,65.31,69.27,62.44
78,China Coast,131.66,135.2,113.49,120.08,139.07,119.22,127.02,126.98,128.45,136.5,138.77,142.56,121.12,129.83,148.95,129.7,137.62,137.63,139.26,148.42
79,Huang He,108.76,120.42,120.7,117.14,123.64,116.31,126.59,131.24,130.25,132.51,130.74,140.91,144.74,142.6,148.1,143.95,154.84,158.92,156.77,153.36
80,Mediterranean South Coast,24.05,20.48,20.71,21.45,21.39,20.92,19.82,20.79,19.68,18.51,20.07,17.82,16.96,18.24,17.11,17.03,15.81,15.67,15.11,13.82
81,Guadiana,9.34,10.8,12.71,10.87,9.63,10.34,10.31,9.25,12.36,7.7,7.22,8.4,10.36,8.26,7.06,7.97,7.02,6.21,9.47,4.93
82,Central Iran,18.03,10.91,11.2,14.45,14.76,16.26,13.42,14.69,12.9,13.28,15.25,8.99,9.39,12.02,12.47,13.97,10.61,12.35,10.27,9.95
83,Guadalquivir,6.39,8.09,8.77,8.58,6.39,6.59,6.62,7.43,9.42,5.87,4.59,6.13,7.2,6.64,4.22,4.78,4.61,4.51,6.38,3.25
84,Tigris - Euphrates,77.49,49.62,65.71,77.62,57.94,66.98,59.89,68.85,57.78,52.13,64.5,40.55,54.66,63.35,45.76,53.99,47.06,54.25,44.12,34.57
85,Tarim Interior,29.67,23.64,30.46,29.22,32.09,30.26,30.32,35.43,31.99,33.55,35.28,31.07,37.47,37.47,41.22,39.47,40.09,44.4,42.17,39.98
86,"Africa, North West Coast",25.22,18.34,23.84,24.36,16.86,15.74,13.1,18.58,23.55,18.1,22.63,14.01,19.29,20.05,12.84,10.42,8.12,13.1,16.16,11.6
87,Nile,446.36,462.17,448.04,377.65,398.37,369.76,339.57,425.19,414.68,438.99,455.43,475.21,461.83,392.08,417.18,385.2,353.93,444.98,433.18,477.49
88,Persian Gulf Coast,6.42,3.92,4.12,4.01,4.56,5.85,3.58,4.15,4.23,4.75,4.82,3.08,3.26,2.9,3.54,4.53,2.47,3.36,3.46,3.52
89,Indus,105.22,92.22,85.55,76.22,108.89,106.99,89.94,101.93,98.25,75.14,111.85,104.47,94.92,89.07,129.65,129.96,112.84,127.39,128.03,107.19
90,Farahrud,2.14,1.69,0.77,1.37,1.74,2.15,1.03,1.74,1.4,1.19,1.65,1.41,0.47,0.91,1.47,1.62,0.76,1.36,0.89,0.77
91,Baja California,0.19,0.65,0.62,0.19,0.62,0.87,0.93,0.39,0.36,0.41,0.23,0.65,0.64,0.23,0.58,0.83,1.06,0.4,0.39,0.24
92,Plateau of Tibet Interior,28.33,28.82,33.55,34.55,42.04,40.79,37.27,45.8,32.77,39.26,27.93,29.62,34.4,35.55,44.03,41.65,38.85,48.75,34.97,38.78
93,"Red Sea, East Coast",1.87,1.42,2.18,0.86,1.66,0.52,0.9,1.41,1.79,1.8,1.78,1.33,2.06,0.83,1.53,0.52,0.9,1.37,1.69,1.56
94,Arabian Peninsula,2.27,1.87,2.17,1.99,3.44,1.51,1.09,1.48,2.24,0.99,1.61,1.48,1.85,1.6,2.81,1.09,0.73,1.07,1.66,0.78
95,Dead Sea,2.19,0.65,1.44,1.45,1.09,1.32,1,1.69,1.13,0.87,1.96,0.53,1.25,1.27,0.87,1.13,0.8,1.49,0.89,0.48
96,"Mexico, Northwest Coast",21.13,32.14,27.37,30.78,26.65,29.51,36.81,37.63,28.73,18.34,20.48,30.98,26.97,30.09,26.38,29.09,35.86,36.1,28.26,20.79
97,Helmand,9.92,9.03,6.53,6.72,8.35,10.88,6.69,9.7,6.05,6.11,8.18,7.33,4.55,4.59,6.41,8.59,4.21,7.55,3.75,3.67
98,Sinai Peninsula,0.01,0,0.02,0.02,0.01,0.01,0.01,0.05,0.01,0,0,0,0.01,0.01,0.01,0.01,0,0.04,0,0
99,Eastern Jordan - Syria,1.09,0.53,0.8,0.8,0.61,0.8,0.62,0.71,0.86,0.52,0.86,0.37,0.6,0.54,0.41,0.56,0.41,0.46,0.58,0.06
100,"Africa, Red Sea - Gulf of Aden Coast",2.89,1.43,3.19,2.16,3.96,2.71,1.06,2.49,2.95,2.33,2.88,1.58,3.23,2.51,4.26,3.03,1.54,2.54,3.09,2.7
101,Caribbean,30.13,31.71,27.73,32.28,23.77,30.83,21.73,22.45,26.33,25.64,24,24.97,21.78,24.28,17.23,23.01,15.52,16.02,18.95,16.77
102,Hamun-i-Mashkel,1.11,0.67,0.25,0.5,0.73,1.29,0.36,0.97,0.6,0.5,0.82,0.45,0.06,0.29,0.47,1.04,0.12,0.69,0.4,0.1
103,Taiwan,12.66,14.59,10.4,14.89,16.35,12.98,14.55,15.61,12.45,16.74,14.06,16.31,12.34,16.9,18.65,15.43,17.09,18.26,15.28,19.32
104,Arabian Sea Coast,2.47,2.24,0.84,1.66,1.74,2.35,1.3,2.24,1.95,1.78,2.32,2.09,0.81,1.33,1.67,2.22,1.34,2.04,1.8,2.14
105,North Gulf,10.25,11,10.36,11.53,11.91,9.7,9.83,10.66,9.03,9.29,8.98,9.77,8.97,9.58,9.8,8.04,8.16,8.72,7.47,7.77
106,Yangtze,534.88,493.07,495.78,496.25,535.37,505.93,519.42,513.89,509.33,548.05,568.21,532.56,541.78,539.18,589.62,558.57,567.7,573.97,567.1,614.75
107,Sabarmati,11.66,10.54,8.65,6.65,12.71,9.89,7.02,8.41,11.73,8.06,14.44,13.51,11.48,9.55,17.3,14.13,10.6,13.46,17,13.34
108,Xun Jiang,90.57,92.23,78.85,99.81,103.59,97.57,87.28,82.7,103.29,102.45,96.8,98.72,86.52,108.34,113.67,108.88,99.21,91.72,115.84,110.97
109,Hong (Red River),49.24,47.43,47.47,58.71,54.37,57.97,53.82,42.8,60.72,54.78,52.02,50.8,51.44,63.08,59.65,62.97,59.02,48.09,66.1,59.54
110,Ganges - Bramaputra,588.72,592.68,534.96,567.34,617.16,591.22,617.29,625.01,588.53,646.08,642.55,651.22,596.88,639.69,699.23,671.63,700.6,715.06,683.66,715.82
111,Yucat§n Peninsula,47.31,43.82,41.96,35.39,36.21,41.25,32.02,41.9,35.41,32.55,39.1,35.63,32.81,26,26.04,29.83,20.99,30.89,24.8,16.47
112,South China Sea Coast,14.04,15.57,14.02,17.43,16.9,17.17,17.05,13.47,17.96,16.82,14.52,16.26,14.7,18.18,18.06,18.34,18.4,14.46,18.98,16.8
113,Mahi,7.56,6.47,5.33,5.72,7.44,5.78,5.09,6.01,7.41,4.96,8.18,7.2,6.05,6.39,8.33,6.54,5.78,7.05,8.6,6.45
114,"Mexico, Interior",3.83,5.97,5.78,6.56,6.66,6.56,6.33,6.5,5.97,5.1,3.3,5.66,5.4,6.2,6.03,6.35,5.77,5.98,5.61,5.55
115,Pacific Central Coast,9,9.59,9.21,9.87,7.36,7.04,8.81,7.42,7.69,9.53,8.66,8.94,8.44,9.49,6.65,6.54,8.06,6.58,7.07,8.03
116,"Bay of Bengal, North East Coast",96.42,91.42,92.13,92.23,96.03,83.63,92.55,89.76,98.34,104.67,100.39,95.54,97.01,97.56,101.73,89.72,99,96.44,105.4,102.75
117,Tapti,19.31,20.41,17.61,18.32,21.19,17.95,18.47,19.58,20.4,17.12,20.58,21.95,19,19.89,23.14,19.7,20.08,21.6,22.53,21.11
118,Yasai,16.5,17.43,15.24,21.29,17.75,17.27,17.8,19.15,19.04,16.29,17.5,18.44,16.5,22.76,19.11,18.89,19.43,20.68,20.62,16.85
119,Philippines,125.3,126.66,113.83,114.35,113.4,89.35,122.59,121.18,106.28,125.19,123.42,125.75,113.51,114.7,113.39,89.22,122.5,123.38,107.84,127.28
120,Brahamani,10.16,11.38,9.87,13.04,10.93,10.84,11.44,12.13,12.36,9.87,11.43,12.77,11.43,14.74,12.72,12.74,13.5,14.28,14.42,11.27
121,North Marina Islands and Guam,0,0,0,0,0,0,0,0,0,0,0,0,0,0,0,0,0,0,0,0
122,Mahandi,40.69,42.63,36.6,41.7,39.3,42.28,41.67,43.89,41.91,36.68,44.21,46.76,41.03,46.7,44.25,47.8,47.4,49.94,48.18,41.34
123,Godavari,85.2,81.4,65.57,67.68,70.79,77.69,69.55,77.59,73.47,65.19,89.24,86.03,70.66,73.05,76.49,84.06,75.12,84.57,80.73,77.06
124,Hainan,13.78,12.8,13.96,13.47,14.08,16,12.07,14.65,14.59,14.96,14.08,13.18,14.41,14.07,14.66,16.72,12.69,15.35,15.18,14.4
125,Mekong,302.03,308.46,311.71,288.64,284.47,284.25,268.73,281.83,313.97,325.76,304.26,313.44,316.54,294.37,289.91,291.81,276.44,289.99,321.28,313.66
126,"Viet Nam, Coast",59.99,57.35,57.08,53.47,57.03,59.46,53.88,53.63,54.67,60.07,56.98,54.92,54.15,50.66,53.84,56.63,50.52,50.42,51.25,53.06
127,Salween,78.05,71.98,65.91,73.64,77.28,65.99,71.64,72.8,86.55,92.1,95.42,89.85,86.77,95.79,99.84,90.78,98.19,102.14,113.04,112.19
128,India North East Coast,7.45,8.02,6.09,5.29,6.34,6.6,5.77,7.28,7.01,6.75,8.02,8.66,6.89,6.09,7.15,7.55,6.66,8.27,7.99,6.77
129,India West Coast,74.36,80.92,67.47,57.03,67.03,64.7,57.43,69.47,69.85,59.31,74.47,81.19,67.82,57.42,67.38,65.34,57.98,70.05,70.25,61.47
130,Papaloapan,28.68,32.62,27.8,30.3,27.49,27.44,25.21,29.8,25.77,27.39,25.21,28.96,24.07,26.19,23.28,23.15,21.24,24.75,20.37,22.01
131,Rio Lerma,19.26,22.42,22.26,22.39,22.38,18.52,20.31,21.08,19.08,20.2,18.63,21.77,21.64,21.84,20.93,17.44,19.21,20.52,18.42,19.98
132,Rio Verde,10.85,11.6,12.83,14.57,16.13,9.29,10.31,10.75,9.24,10.73,8.98,9.55,10.71,11.38,12.61,7.18,7.81,8.15,6.87,8.68
133,Grijalva - Usumacinta,101.7,108.1,95.03,90.13,86.97,90.13,74.2,96.32,84.9,80.86,87.1,92.52,78.16,72.48,69.69,69.77,56.48,74.73,64.92,52.22
134,Rio Balsas,35.93,36.02,33.25,32.92,35.61,28.11,30.7,29.03,28.86,28.82,33.34,33.01,29.78,28.4,31.6,23.87,25.92,23.91,23.6,24.21
135,Southern Central America,224.88,210.85,199.44,232.45,190.09,229.18,162.02,207.37,184.72,183.46,177.25,161.47,148.6,176.38,135.07,161.5,106.99,142.76,122.22,121.91
136,Isthmus of Tehuantepec,18.57,23.03,19.9,20.49,19.36,17.54,11.79,19.41,15.43,15.06,13.38,17.2,13.71,13.8,12.64,10.63,6.14,11.32,7.9,7.4
137,Irrawaddy,223.79,211.09,201.66,201.26,225.03,189.32,208.31,220.9,233.61,249.14,253.86,243.24,238.26,241.94,269.83,233.83,255.21,272.37,285.15,273.96
138,Sittang,26.22,24.76,22.04,27.28,26.01,21.69,21.21,23.48,28.69,28.94,29.38,27.64,25.86,31.2,30.34,26.26,25.77,28.72,33.68,30.9
139,Peninsula Malaysia,272.42,245.29,261.15,255.38,245.04,236.17,241.84,232.63,250.87,282.24,272.82,249.4,265.06,262.14,252.75,247.31,249.48,242.32,260.27,299.66
140,Krishna,70.57,66.13,56.74,46.26,67.11,57.57,46.37,62.35,56.6,45.91,70.31,66.14,56.57,46.58,66.37,57.85,46.06,63.36,56.28,50.08
141,Andaman - Nicobar Islands,0,0,0,0,0,0,0,0,0,0,0,0,0,0,0,0,0,0,0,0
142,"Africa, West Coast",433.02,390.58,417.51,356.18,322.57,334.93,299.24,345.71,365.76,387.18,417.28,377.45,401.02,342.13,310.38,324.36,287.11,333.09,353.89,353.68
143,Caribbean Coast,91.27,82.55,89.55,92.11,104.61,103.33,92.48,84,82.95,91.78,79.5,68.79,75.23,73.9,85.4,81.96,73.04,63.93,63.91,81.94
144,"Africa, North Interior",13.61,10.99,10.6,7.72,7.72,6.56,6.54,8.75,7.76,7.83,10.33,8.83,8.11,5.06,5.07,3.86,3.89,5.56,4.71,3.88
145,India East Coast,3.67,4.08,5.3,4.08,5.61,4.26,4.57,3.92,5.7,1.84,3.26,3.54,4.91,3.66,5.06,3.68,4.13,3.25,5.27,1.83
146,Chao Phraya,48.16,50.1,45.81,48.41,52.36,43.86,40.02,47.33,53.71,59.23,53.48,56.13,51.72,55.72,57.71,51.44,48.19,56.54,59.53,61.46
147,Pennar,5.29,4.68,4.57,4.69,5.54,5.18,4.47,4.18,5.76,3.44,5.2,4.61,4.44,4.57,5.38,5,4.35,4.04,5.6,3.61
148,Gulf of Thailand Coast,34.14,30.98,30.66,26.81,25.24,27.48,29.28,26.46,28.27,31.44,32.14,29.1,28.35,24.38,22.71,24.88,26.57,23.96,25.49,27.89
149,Niger,382.98,346.57,356.25,314.62,291.09,300.19,238.26,316.48,356.84,360.26,395.86,362.19,373.19,334.06,311.46,320.86,259.77,340.94,383.93,368.97
150,Micronesia,0,0,0,0,0,0,0,0,0,0,0,0,0,0,0,0,0,0,0,0
151,Lake Chad,118.98,123.7,97.41,79.95,78.86,92.02,59.06,95.96,95.96,121.29,133.65,141.75,113.07,94.08,96.23,111.44,73.02,118.19,116.23,150.37
152,Senegal,55.6,50.89,55.84,37.95,37.2,32.27,28.58,36.7,39.38,46.38,47.45,41.88,45.62,30.09,29,23.91,20.63,28.1,30.78,34.16
153,Cauvery,25.98,29.51,30.24,23.77,25,25.8,22.65,26.91,27.06,22.16,24.99,28.71,29.5,22.9,23.79,24.78,21.61,25.39,26.07,22.39
154,Sri Lanka,29.01,28.72,33.21,30.52,26.98,26.63,28.41,29.98,33.31,27.6,30.15,30.56,35.3,33.16,29.51,29.31,30.47,33.27,35.94,30.99
155,India South Coast,22.6,25.19,22.5,20.45,20.37,21.25,18.32,22.78,21.95,19.03,22.62,25.23,22.47,20.49,20.43,21.54,18.42,22.7,22.28,20.88
156,Orinoco,759.79,651.16,674.71,663.49,638.39,747.35,647.95,553.2,608.42,642.26,612.89,512.63,521,489.99,457.18,531.54,450.1,356.65,406.04,469.1
157,"Colombia - Ecuador, Pacific Coast",119.42,101.86,109.22,124.53,154.8,102.99,136.92,103.42,119.66,141.2,122.42,105.86,113.85,130.55,162.57,108.91,143.15,110.99,126.65,173.36
158,Palau and East Indonesia,25.18,18.42,15.86,19.14,21.54,17.6,19.03,20.27,16.96,20.12,25.32,19.18,16.73,20.03,22.34,19.03,20.01,21.66,18.64,23.38
159,North Borneo Coast,198.83,172.05,177.54,174.09,197.7,170.72,207.07,168.97,184.36,211.97,196.04,174.81,178.72,177.96,200.82,175.97,212.22,174.16,188.33,230.73
160,Volta,94.37,85.8,95.23,87.14,67.62,66.01,61.42,80.52,75.76,103.57,91.47,84.74,92.07,84.71,66.05,64.58,58.52,78.28,74.15,97.44
161,"Northeast South America, South Atlantic Coast",421.62,276.69,280.96,398.71,360.34,315.33,253.36,336.08,285.46,320.84,352.7,215.61,210.97,316.96,271.07,230.79,172.87,245.48,204.63,239.47
162,Gulf of Guinea,260.02,249.16,243.92,239.26,243.83,242.39,206.88,216,244.27,253.17,243.99,230.11,224.37,219.31,219.68,221.97,188.23,195.66,224.38,220.86
163,Sumatra,261.8,229.19,245.41,256.34,243.84,259.23,269.55,256.37,234.98,266.58,269.05,245.35,263.66,275.28,266.76,281.57,295.28,281.65,263.57,295.19
164,Sulawesi,103.73,85.51,64.54,75.59,103.14,72.79,69.95,82.13,66.53,77.95,94.9,78.07,57.38,66.73,92.74,64.2,60.27,72.07,57.34,79.57
165,Kalimantan,512.44,456.66,415.24,425.11,502.86,431.09,458.45,442.54,430.26,534.46,511.14,470.97,430.43,441.1,519.91,452.76,481.51,466.36,456.48,592.15
166,Magdalena,121.51,96.28,99.99,122.06,124.17,133.7,118.44,102.93,101.42,111.16,104.5,78,81.87,101.05,102.18,108.73,93.32,80.41,79.3,103.45
167,Irian Jaya Coast,275.98,273.25,277.88,318.19,352.37,264.6,318.65,325.3,292.5,350.58,316.87,323.71,332.03,376.72,418.32,331.99,390.49,399.69,369.71,475.59
168,Amazon,2838.52,2476.86,2254.19,2357.15,2938.93,2297.26,2083.7,1912.73,2202.48,2224.39,2096.92,1772.85,1521.93,1580.92,1973.41,1437.79,1295.87,1104.64,1312.05,1542.34
169,"South Chile, Pacific Coast",68.07,76.12,75.67,68.54,60.72,72.67,56.64,59.12,71.45,60.54,63.22,71.04,70.19,62.86,55.08,66.15,50.41,53.32,65.48,55.32
170,Shebelli - Juba,26,37.04,47.68,40.15,34.45,42.93,32.96,43.61,40.98,35.68,27.3,38.99,51.02,43.5,37.65,47.64,36.27,48.93,44.25,39.3
171,"Africa, East Central Coast",158.13,143.78,183.83,142.61,137.95,175.23,143.63,136.49,157.73,150.92,155.54,146.9,188.17,147.65,139,182.04,151.02,140.04,167.27,175.72
172,"North Brazil, South Atlantic Coast",62.54,62.09,92.02,55.66,102.26,54.12,82.32,58.55,61.15,40.37,34.32,26.31,50.18,19.13,47.89,17.96,39.14,18.2,19.85,9.77
173,Papua New Guinea Coast,176.85,177.54,189.7,180.36,186.48,164.23,191.27,191.07,180.24,229.12,195.86,201.8,216.42,210.55,219.5,197.64,226.85,228.41,219.3,282.36
174,Tocantins,410.08,353.7,376.33,359.3,408.92,421,372.32,360.79,318.84,275.19,294.03,250.68,257.91,226.3,277.61,270.46,231.02,217.09,175.56,143.99
175,Java - Timor,103.53,94.29,79.56,92.88,103.61,99.63,95.46,79.51,74.12,81.31,84.77,79.42,66.21,75.66,82.44,79.22,75.56,60.83,56.97,62.65
176,Solomon Islands,0.77,0.76,0.95,0.76,0.81,0.83,0.79,0.8,0.77,0.8,0.79,0.81,1.06,0.92,0.98,1.03,1,1.11,1.1,1.17
177,Madasgacar,116.27,131.44,163.1,155.69,162.26,137.29,177.62,142.73,154.55,139.19,106.02,132.55,163.16,157.27,165.06,137.75,179.32,144.23,158.29,143.13
178,Sepik,51.9,61.34,64.33,68.16,75.24,64.1,68.38,75.68,65.01,85.75,64.69,77.05,81.76,87.19,96.57,86.12,91.4,99.93,89.24,120.53
179,Rift Valley,54.96,69.72,62.26,57.08,53.16,56.13,51.34,62.42,64.08,60.61,57.55,74.35,67.93,62.58,59.24,62.93,57.23,71.57,72.76,64.74
180,"Peru, Pacific Coast",9.79,10.1,9.36,11.18,15.37,8.77,11.15,7.83,9.37,20.84,12.35,14.02,13.45,15.7,20.15,13.95,16.63,12.94,15.29,33.15
181,Fly,59.05,57.35,60.6,67.27,69.68,48.91,68.03,66.44,53.74,72.99,63.49,63.18,66.95,74.45,77.24,56.65,76.42,75.02,62.59,97.28
182,"Angola, Coast",72.3,86.07,68.55,71.05,57.23,48.51,61.95,53.21,55.65,53.31,53.09,64.94,49.23,54.82,36.6,29.34,39.62,33.09,34.02,31.32
183,Congo,835.8,953.6,942,897.2,818.37,914.14,798.4,832.87,823.23,933.22,793.23,926.41,913.13,871.82,789.51,885.77,778.49,814.89,814.34,922.36
184,"Australia, North Coast",111.41,63.84,87.5,89.97,181.48,116.8,85.24,70.5,87.93,100.09,98.85,56.59,77.47,79.05,161.91,98.95,74.35,61.43,74.73,123.59
185,South Pacific Islands,7.33,6.93,6.49,6.17,6.63,5.17,5.65,7.4,6.1,7.09,7.75,7.61,7.29,7.17,7.58,6.25,6.63,8.66,7.3,8.6
186,"East Brazil, South Atlantic Coast",27.65,26.69,49.14,30.1,48.22,24.65,45.1,34.71,30.1,24.59,20.31,18.46,34.66,22.68,34.53,14.16,30.13,24.62,20.03,13.49
187,Parnaiba,35.9,35.39,48.63,34.21,53.29,29.53,43.59,33.33,29.52,20.17,18.55,18.62,24.33,15.16,27.46,13.17,20.58,12.99,10.31,4.33
188,Zambezi,327.48,338.5,279.01,249.48,303.08,305.04,242.25,269.24,266.11,320.12,283.13,308.34,254.51,228.73,270.55,273.8,217.94,237,240.45,284.06
189,"Australia, East Coast",77.83,64,58.57,61.29,79.02,60.16,59.01,71.97,55.2,65.21,72.49,57.81,52.42,55.11,70.29,53.5,50.99,64.22,47.21,59.81
190,"Africa, Indian Ocean Coast",16.54,17.58,17.96,11.21,18.79,16.08,13.09,12.79,12.94,15.9,12.18,14.38,15,8.44,15.35,11.7,9.46,9.29,9.24,12.45
191,"Australia, West Coast",15.48,11.42,17.41,13.23,16.32,13.25,11.33,15.51,14.41,14.08,14.1,10.05,15.35,11.46,14.18,11.3,9.41,13.37,11.93,14.27
192,Sao Francisco,109.84,96.51,118.85,114.29,98.59,146.52,130.85,125.28,88.85,87.8,88.4,88.35,107.79,95.05,83.51,132.76,113.04,106.37,78.03,68.19
193,"Australia, Interior",27.4,10.32,14.35,15.5,51.72,25.16,15.73,23.47,17.47,16.2,26.54,9.52,15.02,15.85,47.68,23.55,15.6,24.27,17.8,21.86
194,Orange,35.06,32.09,32,28.65,41.18,28.51,22.78,31.13,27.9,23.36,28.38,22.85,21.96,18.02,33.85,17.26,12.68,20.49,17.04,15.29
195,"Uruguay - Brazil, South Atlantic Coast",115.83,119.2,127.17,119.4,116.5,126.98,154.43,119.56,114.04,115.47,109.5,115.93,121.53,112.31,112.39,118.69,148.31,113.51,109.38,116.92
196,"Namibia, Coast",0.72,0.18,0.58,0.42,1.02,0.57,0.25,0.2,0.24,0.09,0.43,0,0.24,0.21,0.54,0.24,0.05,0.01,0.08,0.03
197,"Africa, South Interior",42.77,33.98,31.75,32.39,43.06,29.29,23.51,29.1,23.86,30.4,29.21,22.16,21.03,22.29,29.07,19.1,12,16.44,13.15,17.73
198,"South Africa, South Coast",29.55,27.07,26.59,25.54,30.77,25.07,25.89,24.95,27.18,24.94,27.12,24.9,24.58,23.16,27.78,22.47,23.4,22.63,24.21,24.26
199,Limpopo,26.53,22.25,18.63,20.67,27.21,23.44,17.7,18.38,21.01,22.45,22.02,19.27,16,17.84,23,19.25,14.4,15.18,17.17,19.8
200,La Puna Region,10.6,10.45,10.6,9.08,10.4,11.51,13.44,10.07,8.57,10.16,8.2,8.77,8.42,7.06,8.11,9.2,11.28,8.25,7.36,7.81
201,New Zealand,129.58,117.53,119.63,125.21,130.37,128.9,118.76,122.33,130.31,121.78,131.1,121.06,123.65,129.72,135.19,134.25,124.12,127.95,136.33,127.49
202,"Australia, South Coast",7.73,6.16,7.51,9.02,9.57,8.26,7.99,10.86,7.07,8.88,7.21,5.69,7.02,8.38,8.77,7.84,7.64,10.26,6.71,7.98
203,Mar Chiquita,8.27,9.13,7.79,7.67,9.87,9.58,9.99,9.02,7.97,9.77,8.5,9.76,8.62,8.68,10.66,10.42,10.81,9.77,8.95,11.15
204,"South Africa, West Coast",2.29,1.6,1.61,1.54,2.24,1.32,1.77,1.66,1.8,1.48,2.12,1.4,1.42,1.36,1.99,1.15,1.54,1.46,1.54,0.97
205,Salinas Grandes,4.09,5.1,3.97,3.05,4.8,5.48,5.56,5.24,3.61,4.74,3.88,5.16,4.1,3.24,5.05,5.68,5.78,5.37,4.03,5.82
206,La Plata,778.6,768.19,764.63,766.7,783.98,803.1,842.32,784.13,772.96,764.29,772.35,773.61,771.36,769.09,788.38,808.42,854.22,789.28,784.32,794.9
207,"North Chile, Pacific Coast",6.38,5.23,6.17,4.96,5.1,5.86,7.71,5.02,4.28,4.53,5.06,4.07,4.6,3.55,3.57,4.33,5.77,3.59,2.95,2.27
208,Murray - Darling,56.98,55.04,49.88,52.95,60.57,47.51,53.54,58.53,46.66,56.36,51.62,49.3,44.12,47.03,53.68,42.03,46.64,52.41,39.87,48.19
209,Pampas Region,6.01,4.27,4.67,4.7,6.11,5.91,6.73,5.5,4.8,6.19,5.93,4.5,4.83,4.96,6.51,6.18,7.05,5.75,5.12,7.89
210,"North Argentina, South Atlantic Coast",8.57,7.1,7.67,7.84,10.13,8.75,8.66,8.64,9.56,7,8.54,7.38,8.15,8.29,10.8,9.11,9.03,9.01,10.09,7.87
211,Tasmania,32.35,29.38,26.9,35.28,34.24,32.85,30.56,32.63,34.67,30.91,35.12,33.53,31.03,39.79,39.69,38.16,36.89,39.55,41.1,35.53
212,"South America, Colorad",21.1,17.88,16.53,13.82,19.03,20.47,23.04,16.42,14.85,18.63,19.38,16.19,14.18,11.22,17.3,18.32,20.49,13.57,12.37,18.69
213,Negro,20.23,20.51,20.18,20.85,20.9,24.16,19.45,15.02,22.21,17.54,17.83,17.98,17.51,17.76,17.63,20.64,15.8,12.03,18.73,17.1
214,Central Patagonia Highlands,1.35,1.24,1.16,1.18,1.5,1.87,1.56,0.71,1.44,1.2,1.25,1.06,1.03,0.96,1.34,1.64,1.46,0.59,1.33,1.64
215,"South Argentina, South Atlantic Coast",18.91,20.55,23.96,20.91,21.93,24.25,19.56,18.98,23.58,19.68,18.88,20.51,23.8,21.3,22.26,24.41,20.38,19.65,23.37,21.02
216,Antarctica,0,0,0,0,0,0,0,0,0,0,0,0,0,0,0,0,0,0,0,0
217,California River Basin,94.08,82.97,84.69,99.11,77.79,108.45,98.7,49.02,99.04,99.97,75.7,69.44,70.61,84.33,62.86,95.69,80.93,33.83,80.13,79.87
218,Upper Mississippi Basin,82.76,82.69,81.37,84.86,83.65,85.53,83.18,77.1,86.9,84.91,79.22,79.64,77.91,79.89,80.6,80.78,78.03,73.58,82.72,79.37
219,Lower Mississippi River Basin,48.44,53.33,44.29,48.19,58.78,51.58,55.58,56.22,48.19,45.51,45.08,52.14,42.38,46.43,57.01,49.61,54.02,54.44,46.28,42.84
220,Upper Colorado River Basin,27.81,28.38,29.81,31.72,25.96,31.29,35.83,26.42,33.29,28.22,26.48,28.67,29.27,32.61,25.59,31.79,34.81,27.71,33.13,28.99
221,Lower Colorado River Basin,12.6,21.3,22.9,19.69,15.38,29.82,34.65,19.87,20.64,18.16,9.62,20.17,20.82,18.67,13.16,27.75,32.37,19.52,20.76,14.82
222,Great Basin,23.52,21.91,25.97,28.7,24.46,29.18,29.86,21.74,27.02,25.32,21.25,19.49,23.51,26.47,22.17,26.6,27.61,20.03,24.98,22.86
223,Missouri River Basin,179.93,187.44,183.23,206.27,190.04,198.03,198.63,169.77,212.65,194.24,176.44,188.21,185.18,202.97,193.15,197.14,198.2,174.78,212.95,195.43
224,Arkansas White Red Basin,91.35,112.7,85.11,113.66,116.47,97.9,124.76,99.99,94.25,86.57,80.61,100.64,76.29,100.48,103.3,86.23,112.01,85.56,82.17,82.82
225,Texas Gulf Coast Basin,53.47,73.24,55.34,73.4,70.23,65.56,70.13,66.03,57.63,53.39,47.88,66.79,49.36,65.24,64.14,58.03,63.36,57.49,51.11,54.68
226,South Atlantic Gulf Basin,157.86,175.64,169.86,166.41,188.18,178.34,172.51,170.88,178.39,161.33,154.7,176.98,170.88,167.52,190.06,179.82,176.43,173.19,180.79,167.43
227,Great Lakes Basin,307.31,300.91,324.74,334.78,333.98,324.22,330.49,343.29,332.49,313.27,305.42,306.67,331.39,345.62,347.32,334.27,345.46,358.39,346.31,308.76
228,Ohio River Basin,83.95,83.45,78.04,82.98,92.37,89.26,85.29,86.18,88.85,87.36,82.91,84.51,80.62,84.78,96.01,91.18,88.43,89.17,94,84.37
229,Pacific Northwest Basin,301.41,289.17,271.48,299.24,266.25,272.07,264.12,244.26,300.38,274.68,291.87,289.64,271.16,299.54,267.94,271.4,264.1,246.28,300.52,296.74
230,Tennessee River Basin,51.46,49.21,42.31,47.75,59.9,51.07,44.63,55.94,55.23,50.34,53.5,52.2,45.28,52.04,62.03,55.56,48.31,58.64,58.99,50.12
231,Rio Grande River Basin,16.69,30.55,25.39,33.06,28.88,33.8,41.83,33.57,25.28,19.8,15.4,29.71,24.67,32.34,27.47,32.46,40.53,32.6,25.63,24.81
232,New England Basin,72,68.71,60.73,71.49,80.04,68.81,70.02,66.12,72.38,74.65,71.06,72.02,64,75.48,83.78,72.55,74.61,70.31,77.58,79.68
233,Mid Atlantic Basin,56.35,56.5,47.37,57.09,60.79,58.27,58.19,51.54,61.83,57.31,56.34,58.79,49.59,59.43,64.38,61.01,62.11,53.76,66.37,57.84
234,Hawaii,3.08,2.59,3.55,3.54,2.23,4.82,2.41,4.54,2.36,2.26,2.97,2.54,3.43,3.47,2.2,4.69,2.27,4.42,2.27,2.09
235,Narmada,36.45,41.64,29.5,33.92,38.54,35.96,34.09,35.01,37.08,34.53,39.08,44.59,32.34,37.26,42.41,39.65,37.65,39.25,41.82,42.05