basin.id,runoff.max,year
1,1149.1,1970
1,1149.1,1975
1,1149.1,1980
1,1149.1,1985
1,1149.1,1990
1,1149.1,1995
1,1149.1,2000
1,1149.1,2005
1,1149.1,2010
1,1149.1,2015
1,1149.1,2020
1,1149.1,2025
1,1149.1,2030
1,1149.1,2035
1,1149.1,2040
1,1149.1,2045
1,1149.1,2050
1,1149.1,2055
1,1149.1,2060
1,1149.1,2065
1,1149.1,2070
1,1149.1,2075
1,1149.1,2080
1,1149.1,2085
1,1149.1,2090
1,1149.1,2095
1,1149.1,2100
2,1194.9,1970
2,1194.9,1975
2,1194.9,1980
2,1194.9,1985
2,1194.9,1990
2,1194.9,1995
2,1194.9,2000
2,1194.9,2005
2,1194.9,2010
2,1194.9,2015
2,1194.9,2020
2,1194.9,2025
2,1194.9,2030
2,1194.9,2035
2,1194.9,2040
2,1194.9,2045
2,1194.9,2050
2,1194.9,2055
2,1194.9,2060
2,1194.9,2065
2,1194.9,2070
2,1194.9,2075
2,1194.9,2080
2,1194.9,2085
2,1194.9,2090
2,1194.9,2095
2,1194.9,2100
3,614.5,1970
3,614.5,1975
3,614.5,1980
3,614.5,1985
3,614.5,1990
3,614.5,1995
3,614.5,2000
3,614.5,2005
3,614.5,2010
3,614.5,2015
3,614.5,2020
3,614.5,2025
3,614.5,2030
3,614.5,2035
3,614.5,2040
3,614.5,2045
3,614.5,2050
3,614.5,2055
3,614.5,2060
3,614.5,2065
3,614.5,2070
3,614.5,2075
3,614.5,2080
3,614.5,2085
3,614.5,2090
3,614.5,2095
3,614.5,2100
4,1477.8,1970
4,1477.8,1975
4,1477.8,1980
4,1477.8,1985
4,1477.8,1990
4,1477.8,1995
4,1477.8,2000
4,1477.8,2005
4,1477.8,2010
4,1477.8,2015
4,1477.8,2020
4,1477.8,2025
4,1477.8,2030
4,1477.8,2035
4,1477.8,2040
4,1477.8,2045
4,1477.8,2050
4,1477.8,2055
4,1477.8,2060
4,1477.8,2065
4,1477.8,2070
4,1477.8,2075
4,1477.8,2080
4,1477.8,2085
4,1477.8,2090
4,1477.8,2095
4,1477.8,2100
5,465.3,1970
5,465.3,1975
5,465.3,1980
5,465.3,1985
5,465.3,1990
5,465.3,1995
5,465.3,2000
5,465.3,2005
5,465.3,2010
5,465.3,2015
5,465.3,2020
5,465.3,2025
5,465.3,2030
5,465.3,2035
5,465.3,2040
5,465.3,2045
5,465.3,2050
5,465.3,2055
5,465.3,2060
5,465.3,2065
5,465.3,2070
5,465.3,2075
5,465.3,2080
5,465.3,2085
5,465.3,2090
5,465.3,2095
5,465.3,2100
6,846.3,1970
6,846.3,1975
6,846.3,1980
6,846.3,1985
6,846.3,1990
6,846.3,1995
6,846.3,2000
6,846.3,2005
6,846.3,2010
6,846.3,2015
6,846.3,2020
6,846.3,2025
6,846.3,2030
6,846.3,2035
6,846.3,2040
6,846.3,2045
6,846.3,2050
6,846.3,2055
6,846.3,2060
6,846.3,2065
6,846.3,2070
6,846.3,2075
6,846.3,2080
6,846.3,2085
6,846.3,2090
6,846.3,2095
6,846.3,2100
7,2727.2,1970
7,2727.2,1975
7,2727.2,1980
7,2727.2,1985
7,2727.2,1990
7,2727.2,1995
7,2727.2,2000
7,2727.2,2005
7,2727.2,2010
7,2727.2,2015
7,2727.2,2020
7,2727.2,2025
7,2727.2,2030
7,2727.2,2035
7,2727.2,2040
7,2727.2,2045
7,2727.2,2050
7,2727.2,2055
7,2727.2,2060
7,2727.2,2065
7,2727.2,2070
7,2727.2,2075
7,2727.2,2080
7,2727.2,2085
7,2727.2,2090
7,2727.2,2095
7,2727.2,2100
8,934.7,1970
8,934.7,1975
8,934.7,1980
8,934.7,1985
8,934.7,1990
8,934.7,1995
8,934.7,2000
8,934.7,2005
8,934.7,2010
8,934.7,2015
8,934.7,2020
8,934.7,2025
8,934.7,2030
8,934.7,2035
8,934.7,2040
8,934.7,2045
8,934.7,2050
8,934.7,2055
8,934.7,2060
8,934.7,2065
8,934.7,2070
8,934.7,2075
8,934.7,2080
8,934.7,2085
8,934.7,2090
8,934.7,2095
8,934.7,2100
9,506.3,1970
9,506.3,1975
9,506.3,1980
9,506.3,1985
9,506.3,1990
9,506.3,1995
9,506.3,2000
9,506.3,2005
9,506.3,2010
9,506.3,2015
9,506.3,2020
9,506.3,2025
9,506.3,2030
9,506.3,2035
9,506.3,2040
9,506.3,2045
9,506.3,2050
9,506.3,2055
9,506.3,2060
9,506.3,2065
9,506.3,2070
9,506.3,2075
9,506.3,2080
9,506.3,2085
9,506.3,2090
9,506.3,2095
9,506.3,2100
10,750.8,1970
10,750.8,1975
10,750.8,1980
10,750.8,1985
10,750.8,1990
10,750.8,1995
10,750.8,2000
10,750.8,2005
10,750.8,2010
10,750.8,2015
10,750.8,2020
10,750.8,2025
10,750.8,2030
10,750.8,2035
10,750.8,2040
10,750.8,2045
10,750.8,2050
10,750.8,2055
10,750.8,2060
10,750.8,2065
10,750.8,2070
10,750.8,2075
10,750.8,2080
10,750.8,2085
10,750.8,2090
10,750.8,2095
10,750.8,2100
11,286.1,1970
11,286.1,1975
11,286.1,1980
11,286.1,1985
11,286.1,1990
11,286.1,1995
11,286.1,2000
11,286.1,2005
11,286.1,2010
11,286.1,2015
11,286.1,2020
11,286.1,2025
11,286.1,2030
11,286.1,2035
11,286.1,2040
11,286.1,2045
11,286.1,2050
11,286.1,2055
11,286.1,2060
11,286.1,2065
11,286.1,2070
11,286.1,2075
11,286.1,2080
11,286.1,2085
11,286.1,2090
11,286.1,2095
11,286.1,2100
12,372.2,1970
12,372.2,1975
12,372.2,1980
12,372.2,1985
12,372.2,1990
12,372.2,1995
12,372.2,2000
12,372.2,2005
12,372.2,2010
12,372.2,2015
12,372.2,2020
12,372.2,2025
12,372.2,2030
12,372.2,2035
12,372.2,2040
12,372.2,2045
12,372.2,2050
12,372.2,2055
12,372.2,2060
12,372.2,2065
12,372.2,2070
12,372.2,2075
12,372.2,2080
12,372.2,2085
12,372.2,2090
12,372.2,2095
12,372.2,2100
13,121.2,1970
13,121.2,1975
13,121.2,1980
13,121.2,1985
13,121.2,1990
13,121.2,1995
13,121.2,2000
13,121.2,2005
13,121.2,2010
13,121.2,2015
13,121.2,2020
13,121.2,2025
13,121.2,2030
13,121.2,2035
13,121.2,2040
13,121.2,2045
13,121.2,2050
13,121.2,2055
13,121.2,2060
13,121.2,2065
13,121.2,2070
13,121.2,2075
13,121.2,2080
13,121.2,2085
13,121.2,2090
13,121.2,2095
13,121.2,2100
14,149,1970
14,149,1975
14,149,1980
14,149,1985
14,149,1990
14,149,1995
14,149,2000
14,149,2005
14,149,2010
14,149,2015
14,149,2020
14,149,2025
14,149,2030
14,149,2035
14,149,2040
14,149,2045
14,149,2050
14,149,2055
14,149,2060
14,149,2065
14,149,2070
14,149,2075
14,149,2080
14,149,2085
14,149,2090
14,149,2095
14,149,2100
15,1149.9,1970
15,1149.9,1975
15,1149.9,1980
15,1149.9,1985
15,1149.9,1990
15,1149.9,1995
15,1149.9,2000
15,1149.9,2005
15,1149.9,2010
15,1149.9,2015
15,1149.9,2020
15,1149.9,2025
15,1149.9,2030
15,1149.9,2035
15,1149.9,2040
15,1149.9,2045
15,1149.9,2050
15,1149.9,2055
15,1149.9,2060
15,1149.9,2065
15,1149.9,2070
15,1149.9,2075
15,1149.9,2080
15,1149.9,2085
15,1149.9,2090
15,1149.9,2095
15,1149.9,2100
16,128.2,1970
16,128.2,1975
16,128.2,1980
16,128.2,1985
16,128.2,1990
16,128.2,1995
16,128.2,2000
16,128.2,2005
16,128.2,2010
16,128.2,2015
16,128.2,2020
16,128.2,2025
16,128.2,2030
16,128.2,2035
16,128.2,2040
16,128.2,2045
16,128.2,2050
16,128.2,2055
16,128.2,2060
16,128.2,2065
16,128.2,2070
16,128.2,2075
16,128.2,2080
16,128.2,2085
16,128.2,2090
16,128.2,2095
16,128.2,2100
17,88.4,1970
17,88.4,1975
17,88.4,1980
17,88.4,1985
17,88.4,1990
17,88.4,1995
17,88.4,2000
17,88.4,2005
17,88.4,2010
17,88.4,2015
17,88.4,2020
17,88.4,2025
17,88.4,2030
17,88.4,2035
17,88.4,2040
17,88.4,2045
17,88.4,2050
17,88.4,2055
17,88.4,2060
17,88.4,2065
17,88.4,2070
17,88.4,2075
17,88.4,2080
17,88.4,2085
17,88.4,2090
17,88.4,2095
17,88.4,2100
18,597.4,1970
18,597.4,1975
18,597.4,1980
18,597.4,1985
18,597.4,1990
18,597.4,1995
18,597.4,2000
18,597.4,2005
18,597.4,2010
18,597.4,2015
18,597.4,2020
18,597.4,2025
18,597.4,2030
18,597.4,2035
18,597.4,2040
18,597.4,2045
18,597.4,2050
18,597.4,2055
18,597.4,2060
18,597.4,2065
18,597.4,2070
18,597.4,2075
18,597.4,2080
18,597.4,2085
18,597.4,2090
18,597.4,2095
18,597.4,2100
19,785.4,1970
19,785.4,1975
19,785.4,1980
19,785.4,1985
19,785.4,1990
19,785.4,1995
19,785.4,2000
19,785.4,2005
19,785.4,2010
19,785.4,2015
19,785.4,2020
19,785.4,2025
19,785.4,2030
19,785.4,2035
19,785.4,2040
19,785.4,2045
19,785.4,2050
19,785.4,2055
19,785.4,2060
19,785.4,2065
19,785.4,2070
19,785.4,2075
19,785.4,2080
19,785.4,2085
19,785.4,2090
19,785.4,2095
19,785.4,2100
20,22.8,1970
20,22.8,1975
20,22.8,1980
20,22.8,1985
20,22.8,1990
20,22.8,1995
20,22.8,2000
20,22.8,2005
20,22.8,2010
20,22.8,2015
20,22.8,2020
20,22.8,2025
20,22.8,2030
20,22.8,2035
20,22.8,2040
20,22.8,2045
20,22.8,2050
20,22.8,2055
20,22.8,2060
20,22.8,2065
20,22.8,2070
20,22.8,2075
20,22.8,2080
20,22.8,2085
20,22.8,2090
20,22.8,2095
20,22.8,2100
21,27.4,1970
21,27.4,1975
21,27.4,1980
21,27.4,1985
21,27.4,1990
21,27.4,1995
21,27.4,2000
21,27.4,2005
21,27.4,2010
21,27.4,2015
21,27.4,2020
21,27.4,2025
21,27.4,2030
21,27.4,2035
21,27.4,2040
21,27.4,2045
21,27.4,2050
21,27.4,2055
21,27.4,2060
21,27.4,2065
21,27.4,2070
21,27.4,2075
21,27.4,2080
21,27.4,2085
21,27.4,2090
21,27.4,2095
21,27.4,2100
22,19.9,1970
22,19.9,1975
22,19.9,1980
22,19.9,1985
22,19.9,1990
22,19.9,1995
22,19.9,2000
22,19.9,2005
22,19.9,2010
22,19.9,2015
22,19.9,2020
22,19.9,2025
22,19.9,2030
22,19.9,2035
22,19.9,2040
22,19.9,2045
22,19.9,2050
22,19.9,2055
22,19.9,2060
22,19.9,2065
22,19.9,2070
22,19.9,2075
22,19.9,2080
22,19.9,2085
22,19.9,2090
22,19.9,2095
22,19.9,2100
23,127.4,1970
23,127.4,1975
23,127.4,1980
23,127.4,1985
23,127.4,1990
23,127.4,1995
23,127.4,2000
23,127.4,2005
23,127.4,2010
23,127.4,2015
23,127.4,2020
23,127.4,2025
23,127.4,2030
23,127.4,2035
23,127.4,2040
23,127.4,2045
23,127.4,2050
23,127.4,2055
23,127.4,2060
23,127.4,2065
23,127.4,2070
23,127.4,2075
23,127.4,2080
23,127.4,2085
23,127.4,2090
23,127.4,2095
23,127.4,2100
24,71.2,1970
24,71.2,1975
24,71.2,1980
24,71.2,1985
24,71.2,1990
24,71.2,1995
24,71.2,2000
24,71.2,2005
24,71.2,2010
24,71.2,2015
24,71.2,2020
24,71.2,2025
24,71.2,2030
24,71.2,2035
24,71.2,2040
24,71.2,2045
24,71.2,2050
24,71.2,2055
24,71.2,2060
24,71.2,2065
24,71.2,2070
24,71.2,2075
24,71.2,2080
24,71.2,2085
24,71.2,2090
24,71.2,2095
24,71.2,2100
25,27.7,1970
25,27.7,1975
25,27.7,1980
25,27.7,1985
25,27.7,1990
25,27.7,1995
25,27.7,2000
25,27.7,2005
25,27.7,2010
25,27.7,2015
25,27.7,2020
25,27.7,2025
25,27.7,2030
25,27.7,2035
25,27.7,2040
25,27.7,2045
25,27.7,2050
25,27.7,2055
25,27.7,2060
25,27.7,2065
25,27.7,2070
25,27.7,2075
25,27.7,2080
25,27.7,2085
25,27.7,2090
25,27.7,2095
25,27.7,2100
26,64.7,1970
26,64.7,1975
26,64.7,1980
26,64.7,1985
26,64.7,1990
26,64.7,1995
26,64.7,2000
26,64.7,2005
26,64.7,2010
26,64.7,2015
26,64.7,2020
26,64.7,2025
26,64.7,2030
26,64.7,2035
26,64.7,2040
26,64.7,2045
26,64.7,2050
26,64.7,2055
26,64.7,2060
26,64.7,2065
26,64.7,2070
26,64.7,2075
26,64.7,2080
26,64.7,2085
26,64.7,2090
26,64.7,2095
26,64.7,2100
27,119.3,1970
27,119.3,1975
27,119.3,1980
27,119.3,1985
27,119.3,1990
27,119.3,1995
27,119.3,2000
27,119.3,2005
27,119.3,2010
27,119.3,2015
27,119.3,2020
27,119.3,2025
27,119.3,2030
27,119.3,2035
27,119.3,2040
27,119.3,2045
27,119.3,2050
27,119.3,2055
27,119.3,2060
27,119.3,2065
27,119.3,2070
27,119.3,2075
27,119.3,2080
27,119.3,2085
27,119.3,2090
27,119.3,2095
27,119.3,2100
28,25.4,1970
28,25.4,1975
28,25.4,1980
28,25.4,1985
28,25.4,1990
28,25.4,1995
28,25.4,2000
28,25.4,2005
28,25.4,2010
28,25.4,2015
28,25.4,2020
28,25.4,2025
28,25.4,2030
28,25.4,2035
28,25.4,2040
28,25.4,2045
28,25.4,2050
28,25.4,2055
28,25.4,2060
28,25.4,2065
28,25.4,2070
28,25.4,2075
28,25.4,2080
28,25.4,2085
28,25.4,2090
28,25.4,2095
28,25.4,2100
29,31.9,1970
29,31.9,1975
29,31.9,1980
29,31.9,1985
29,31.9,1990
29,31.9,1995
29,31.9,2000
29,31.9,2005
29,31.9,2010
29,31.9,2015
29,31.9,2020
29,31.9,2025
29,31.9,2030
29,31.9,2035
29,31.9,2040
29,31.9,2045
29,31.9,2050
29,31.9,2055
29,31.9,2060
29,31.9,2065
29,31.9,2070
29,31.9,2075
29,31.9,2080
29,31.9,2085
29,31.9,2090
29,31.9,2095
29,31.9,2100
30,51.3,1970
30,51.3,1975
30,51.3,1980
30,51.3,1985
30,51.3,1990
30,51.3,1995
30,51.3,2000
30,51.3,2005
30,51.3,2010
30,51.3,2015
30,51.3,2020
30,51.3,2025
30,51.3,2030
30,51.3,2035
30,51.3,2040
30,51.3,2045
30,51.3,2050
30,51.3,2055
30,51.3,2060
30,51.3,2065
30,51.3,2070
30,51.3,2075
30,51.3,2080
30,51.3,2085
30,51.3,2090
30,51.3,2095
30,51.3,2100
31,43.3,1970
31,43.3,1975
31,43.3,1980
31,43.3,1985
31,43.3,1990
31,43.3,1995
31,43.3,2000
31,43.3,2005
31,43.3,2010
31,43.3,2015
31,43.3,2020
31,43.3,2025
31,43.3,2030
31,43.3,2035
31,43.3,2040
31,43.3,2045
31,43.3,2050
31,43.3,2055
31,43.3,2060
31,43.3,2065
31,43.3,2070
31,43.3,2075
31,43.3,2080
31,43.3,2085
31,43.3,2090
31,43.3,2095
31,43.3,2100
32,112.5,1970
32,112.5,1975
32,112.5,1980
32,112.5,1985
32,112.5,1990
32,112.5,1995
32,112.5,2000
32,112.5,2005
32,112.5,2010
32,112.5,2015
32,112.5,2020
32,112.5,2025
32,112.5,2030
32,112.5,2035
32,112.5,2040
32,112.5,2045
32,112.5,2050
32,112.5,2055
32,112.5,2060
32,112.5,2065
32,112.5,2070
32,112.5,2075
32,112.5,2080
32,112.5,2085
32,112.5,2090
32,112.5,2095
32,112.5,2100
33,14.4,1970
33,14.4,1975
33,14.4,1980
33,14.4,1985
33,14.4,1990
33,14.4,1995
33,14.4,2000
33,14.4,2005
33,14.4,2010
33,14.4,2015
33,14.4,2020
33,14.4,2025
33,14.4,2030
33,14.4,2035
33,14.4,2040
33,14.4,2045
33,14.4,2050
33,14.4,2055
33,14.4,2060
33,14.4,2065
33,14.4,2070
33,14.4,2075
33,14.4,2080
33,14.4,2085
33,14.4,2090
33,14.4,2095
33,14.4,2100
34,125.4,1970
34,125.4,1975
34,125.4,1980
34,125.4,1985
34,125.4,1990
34,125.4,1995
34,125.4,2000
34,125.4,2005
34,125.4,2010
34,125.4,2015
34,125.4,2020
34,125.4,2025
34,125.4,2030
34,125.4,2035
34,125.4,2040
34,125.4,2045
34,125.4,2050
34,125.4,2055
34,125.4,2060
34,125.4,2065
34,125.4,2070
34,125.4,2075
34,125.4,2080
34,125.4,2085
34,125.4,2090
34,125.4,2095
34,125.4,2100
35,33.6,1970
35,33.6,1975
35,33.6,1980
35,33.6,1985
35,33.6,1990
35,33.6,1995
35,33.6,2000
35,33.6,2005
35,33.6,2010
35,33.6,2015
35,33.6,2020
35,33.6,2025
35,33.6,2030
35,33.6,2035
35,33.6,2040
35,33.6,2045
35,33.6,2050
35,33.6,2055
35,33.6,2060
35,33.6,2065
35,33.6,2070
35,33.6,2075
35,33.6,2080
35,33.6,2085
35,33.6,2090
35,33.6,2095
35,33.6,2100
36,9.5,1970
36,9.5,1975
36,9.5,1980
36,9.5,1985
36,9.5,1990
36,9.5,1995
36,9.5,2000
36,9.5,2005
36,9.5,2010
36,9.5,2015
36,9.5,2020
36,9.5,2025
36,9.5,2030
36,9.5,2035
36,9.5,2040
36,9.5,2045
36,9.5,2050
36,9.5,2055
36,9.5,2060
36,9.5,2065
36,9.5,2070
36,9.5,2075
36,9.5,2080
36,9.5,2085
36,9.5,2090
36,9.5,2095
36,9.5,2100
37,58.5,1970
37,58.5,1975
37,58.5,1980
37,58.5,1985
37,58.5,1990
37,58.5,1995
37,58.5,2000
37,58.5,2005
37,58.5,2010
37,58.5,2015
37,58.5,2020
37,58.5,2025
37,58.5,2030
37,58.5,2035
37,58.5,2040
37,58.5,2045
37,58.5,2050
37,58.5,2055
37,58.5,2060
37,58.5,2065
37,58.5,2070
37,58.5,2075
37,58.5,2080
37,58.5,2085
37,58.5,2090
37,58.5,2095
37,58.5,2100
38,39.8,1970
38,39.8,1975
38,39.8,1980
38,39.8,1985
38,39.8,1990
38,39.8,1995
38,39.8,2000
38,39.8,2005
38,39.8,2010
38,39.8,2015
38,39.8,2020
38,39.8,2025
38,39.8,2030
38,39.8,2035
38,39.8,2040
38,39.8,2045
38,39.8,2050
38,39.8,2055
38,39.8,2060
38,39.8,2065
38,39.8,2070
38,39.8,2075
38,39.8,2080
38,39.8,2085
38,39.8,2090
38,39.8,2095
38,39.8,2100
39,74.6,1970
39,74.6,1975
39,74.6,1980
39,74.6,1985
39,74.6,1990
39,74.6,1995
39,74.6,2000
39,74.6,2005
39,74.6,2010
39,74.6,2015
39,74.6,2020
39,74.6,2025
39,74.6,2030
39,74.6,2035
39,74.6,2040
39,74.6,2045
39,74.6,2050
39,74.6,2055
39,74.6,2060
39,74.6,2065
39,74.6,2070
39,74.6,2075
39,74.6,2080
39,74.6,2085
39,74.6,2090
39,74.6,2095
39,74.6,2100
40,196.7,1970
40,196.7,1975
40,196.7,1980
40,196.7,1985
40,196.7,1990
40,196.7,1995
40,196.7,2000
40,196.7,2005
40,196.7,2010
40,196.7,2015
40,196.7,2020
40,196.7,2025
40,196.7,2030
40,196.7,2035
40,196.7,2040
40,196.7,2045
40,196.7,2050
40,196.7,2055
40,196.7,2060
40,196.7,2065
40,196.7,2070
40,196.7,2075
40,196.7,2080
40,196.7,2085
40,196.7,2090
40,196.7,2095
40,196.7,2100
41,35.1,1970
41,35.1,1975
41,35.1,1980
41,35.1,1985
41,35.1,1990
41,35.1,1995
41,35.1,2000
41,35.1,2005
41,35.1,2010
41,35.1,2015
41,35.1,2020
41,35.1,2025
41,35.1,2030
41,35.1,2035
41,35.1,2040
41,35.1,2045
41,35.1,2050
41,35.1,2055
41,35.1,2060
41,35.1,2065
41,35.1,2070
41,35.1,2075
41,35.1,2080
41,35.1,2085
41,35.1,2090
41,35.1,2095
41,35.1,2100
42,110.5,1970
42,110.5,1975
42,110.5,1980
42,110.5,1985
42,110.5,1990
42,110.5,1995
42,110.5,2000
42,110.5,2005
42,110.5,2010
42,110.5,2015
42,110.5,2020
42,110.5,2025
42,110.5,2030
42,110.5,2035
42,110.5,2040
42,110.5,2045
42,110.5,2050
42,110.5,2055
42,110.5,2060
42,110.5,2065
42,110.5,2070
42,110.5,2075
42,110.5,2080
42,110.5,2085
42,110.5,2090
42,110.5,2095
42,110.5,2100
43,467.7,1970
43,467.7,1975
43,467.7,1980
43,467.7,1985
43,467.7,1990
43,467.7,1995
43,467.7,2000
43,467.7,2005
43,467.7,2010
43,467.7,2015
43,467.7,2020
43,467.7,2025
43,467.7,2030
43,467.7,2035
43,467.7,2040
43,467.7,2045
43,467.7,2050
43,467.7,2055
43,467.7,2060
43,467.7,2065
43,467.7,2070
43,467.7,2075
43,467.7,2080
43,467.7,2085
43,467.7,2090
43,467.7,2095
43,467.7,2100
44,48.2,1970
44,48.2,1975
44,48.2,1980
44,48.2,1985
44,48.2,1990
44,48.2,1995
44,48.2,2000
44,48.2,2005
44,48.2,2010
44,48.2,2015
44,48.2,2020
44,48.2,2025
44,48.2,2030
44,48.2,2035
44,48.2,2040
44,48.2,2045
44,48.2,2050
44,48.2,2055
44,48.2,2060
44,48.2,2065
44,48.2,2070
44,48.2,2075
44,48.2,2080
44,48.2,2085
44,48.2,2090
44,48.2,2095
44,48.2,2100
45,85,1970
45,85,1975
45,85,1980
45,85,1985
45,85,1990
45,85,1995
45,85,2000
45,85,2005
45,85,2010
45,85,2015
45,85,2020
45,85,2025
45,85,2030
45,85,2035
45,85,2040
45,85,2045
45,85,2050
45,85,2055
45,85,2060
45,85,2065
45,85,2070
45,85,2075
45,85,2080
45,85,2085
45,85,2090
45,85,2095
45,85,2100
46,30.1,1970
46,30.1,1975
46,30.1,1980
46,30.1,1985
46,30.1,1990
46,30.1,1995
46,30.1,2000
46,30.1,2005
46,30.1,2010
46,30.1,2015
46,30.1,2020
46,30.1,2025
46,30.1,2030
46,30.1,2035
46,30.1,2040
46,30.1,2045
46,30.1,2050
46,30.1,2055
46,30.1,2060
46,30.1,2065
46,30.1,2070
46,30.1,2075
46,30.1,2080
46,30.1,2085
46,30.1,2090
46,30.1,2095
46,30.1,2100
47,88,1970
47,88,1975
47,88,1980
47,88,1985
47,88,1990
47,88,1995
47,88,2000
47,88,2005
47,88,2010
47,88,2015
47,88,2020
47,88,2025
47,88,2030
47,88,2035
47,88,2040
47,88,2045
47,88,2050
47,88,2055
47,88,2060
47,88,2065
47,88,2070
47,88,2075
47,88,2080
47,88,2085
47,88,2090
47,88,2095
47,88,2100
48,946.7,1970
48,946.7,1975
48,946.7,1980
48,946.7,1985
48,946.7,1990
48,946.7,1995
48,946.7,2000
48,946.7,2005
48,946.7,2010
48,946.7,2015
48,946.7,2020
48,946.7,2025
48,946.7,2030
48,946.7,2035
48,946.7,2040
48,946.7,2045
48,946.7,2050
48,946.7,2055
48,946.7,2060
48,946.7,2065
48,946.7,2070
48,946.7,2075
48,946.7,2080
48,946.7,2085
48,946.7,2090
48,946.7,2095
48,946.7,2100
49,6,1970
49,6,1975
49,6,1980
49,6,1985
49,6,1990
49,6,1995
49,6,2000
49,6,2005
49,6,2010
49,6,2015
49,6,2020
49,6,2025
49,6,2030
49,6,2035
49,6,2040
49,6,2045
49,6,2050
49,6,2055
49,6,2060
49,6,2065
49,6,2070
49,6,2075
49,6,2080
49,6,2085
49,6,2090
49,6,2095
49,6,2100
50,43.8,1970
50,43.8,1975
50,43.8,1980
50,43.8,1985
50,43.8,1990
50,43.8,1995
50,43.8,2000
50,43.8,2005
50,43.8,2010
50,43.8,2015
50,43.8,2020
50,43.8,2025
50,43.8,2030
50,43.8,2035
50,43.8,2040
50,43.8,2045
50,43.8,2050
50,43.8,2055
50,43.8,2060
50,43.8,2065
50,43.8,2070
50,43.8,2075
50,43.8,2080
50,43.8,2085
50,43.8,2090
50,43.8,2095
50,43.8,2100
51,632.1,1970
51,632.1,1975
51,632.1,1980
51,632.1,1985
51,632.1,1990
51,632.1,1995
51,632.1,2000
51,632.1,2005
51,632.1,2010
51,632.1,2015
51,632.1,2020
51,632.1,2025
51,632.1,2030
51,632.1,2035
51,632.1,2040
51,632.1,2045
51,632.1,2050
51,632.1,2055
51,632.1,2060
51,632.1,2065
51,632.1,2070
51,632.1,2075
51,632.1,2080
51,632.1,2085
51,632.1,2090
51,632.1,2095
51,632.1,2100
52,50.9,1970
52,50.9,1975
52,50.9,1980
52,50.9,1985
52,50.9,1990
52,50.9,1995
52,50.9,2000
52,50.9,2005
52,50.9,2010
52,50.9,2015
52,50.9,2020
52,50.9,2025
52,50.9,2030
52,50.9,2035
52,50.9,2040
52,50.9,2045
52,50.9,2050
52,50.9,2055
52,50.9,2060
52,50.9,2065
52,50.9,2070
52,50.9,2075
52,50.9,2080
52,50.9,2085
52,50.9,2090
52,50.9,2095
52,50.9,2100
53,116.4,1970
53,116.4,1975
53,116.4,1980
53,116.4,1985
53,116.4,1990
53,116.4,1995
53,116.4,2000
53,116.4,2005
53,116.4,2010
53,116.4,2015
53,116.4,2020
53,116.4,2025
53,116.4,2030
53,116.4,2035
53,116.4,2040
53,116.4,2045
53,116.4,2050
53,116.4,2055
53,116.4,2060
53,116.4,2065
53,116.4,2070
53,116.4,2075
53,116.4,2080
53,116.4,2085
53,116.4,2090
53,116.4,2095
53,116.4,2100
54,388.9,1970
54,388.9,1975
54,388.9,1980
54,388.9,1985
54,388.9,1990
54,388.9,1995
54,388.9,2000
54,388.9,2005
54,388.9,2010
54,388.9,2015
54,388.9,2020
54,388.9,2025
54,388.9,2030
54,388.9,2035
54,388.9,2040
54,388.9,2045
54,388.9,2050
54,388.9,2055
54,388.9,2060
54,388.9,2065
54,388.9,2070
54,388.9,2075
54,388.9,2080
54,388.9,2085
54,388.9,2090
54,388.9,2095
54,388.9,2100
55,153,1970
55,153,1975
55,153,1980
55,153,1985
55,153,1990
55,153,1995
55,153,2000
55,153,2005
55,153,2010
55,153,2015
55,153,2020
55,153,2025
55,153,2030
55,153,2035
55,153,2040
55,153,2045
55,153,2050
55,153,2055
55,153,2060
55,153,2065
55,153,2070
55,153,2075
55,153,2080
55,153,2085
55,153,2090
55,153,2095
55,153,2100
56,1048.9,1970
56,1048.9,1975
56,1048.9,1980
56,1048.9,1985
56,1048.9,1990
56,1048.9,1995
56,1048.9,2000
56,1048.9,2005
56,1048.9,2010
56,1048.9,2015
56,1048.9,2020
56,1048.9,2025
56,1048.9,2030
56,1048.9,2035
56,1048.9,2040
56,1048.9,2045
56,1048.9,2050
56,1048.9,2055
56,1048.9,2060
56,1048.9,2065
56,1048.9,2070
56,1048.9,2075
56,1048.9,2080
56,1048.9,2085
56,1048.9,2090
56,1048.9,2095
56,1048.9,2100
57,57.6,1970
57,57.6,1975
57,57.6,1980
57,57.6,1985
57,57.6,1990
57,57.6,1995
57,57.6,2000
57,57.6,2005
57,57.6,2010
57,57.6,2015
57,57.6,2020
57,57.6,2025
57,57.6,2030
57,57.6,2035
57,57.6,2040
57,57.6,2045
57,57.6,2050
57,57.6,2055
57,57.6,2060
57,57.6,2065
57,57.6,2070
57,57.6,2075
57,57.6,2080
57,57.6,2085
57,57.6,2090
57,57.6,2095
57,57.6,2100
58,47.8,1970
58,47.8,1975
58,47.8,1980
58,47.8,1985
58,47.8,1990
58,47.8,1995
58,47.8,2000
58,47.8,2005
58,47.8,2010
58,47.8,2015
58,47.8,2020
58,47.8,2025
58,47.8,2030
58,47.8,2035
58,47.8,2040
58,47.8,2045
58,47.8,2050
58,47.8,2055
58,47.8,2060
58,47.8,2065
58,47.8,2070
58,47.8,2075
58,47.8,2080
58,47.8,2085
58,47.8,2090
58,47.8,2095
58,47.8,2100
59,34.7,1970
59,34.7,1975
59,34.7,1980
59,34.7,1985
59,34.7,1990
59,34.7,1995
59,34.7,2000
59,34.7,2005
59,34.7,2010
59,34.7,2015
59,34.7,2020
59,34.7,2025
59,34.7,2030
59,34.7,2035
59,34.7,2040
59,34.7,2045
59,34.7,2050
59,34.7,2055
59,34.7,2060
59,34.7,2065
59,34.7,2070
59,34.7,2075
59,34.7,2080
59,34.7,2085
59,34.7,2090
59,34.7,2095
59,34.7,2100
60,58.5,1970
60,58.5,1975
60,58.5,1980
60,58.5,1985
60,58.5,1990
60,58.5,1995
60,58.5,2000
60,58.5,2005
60,58.5,2010
60,58.5,2015
60,58.5,2020
60,58.5,2025
60,58.5,2030
60,58.5,2035
60,58.5,2040
60,58.5,2045
60,58.5,2050
60,58.5,2055
60,58.5,2060
60,58.5,2065
60,58.5,2070
60,58.5,2075
60,58.5,2080
60,58.5,2085
60,58.5,2090
60,58.5,2095
60,58.5,2100
61,12.5,1970
61,12.5,1975
61,12.5,1980
61,12.5,1985
61,12.5,1990
61,12.5,1995
61,12.5,2000
61,12.5,2005
61,12.5,2010
61,12.5,2015
61,12.5,2020
61,12.5,2025
61,12.5,2030
61,12.5,2035
61,12.5,2040
61,12.5,2045
61,12.5,2050
61,12.5,2055
61,12.5,2060
61,12.5,2065
61,12.5,2070
61,12.5,2075
61,12.5,2080
61,12.5,2085
61,12.5,2090
61,12.5,2095
61,12.5,2100
62,70.6,1970
62,70.6,1975
62,70.6,1980
62,70.6,1985
62,70.6,1990
62,70.6,1995
62,70.6,2000
62,70.6,2005
62,70.6,2010
62,70.6,2015
62,70.6,2020
62,70.6,2025
62,70.6,2030
62,70.6,2035
62,70.6,2040
62,70.6,2045
62,70.6,2050
62,70.6,2055
62,70.6,2060
62,70.6,2065
62,70.6,2070
62,70.6,2075
62,70.6,2080
62,70.6,2085
62,70.6,2090
62,70.6,2095
62,70.6,2100
63,18.4,1970
63,18.4,1975
63,18.4,1980
63,18.4,1985
63,18.4,1990
63,18.4,1995
63,18.4,2000
63,18.4,2005
63,18.4,2010
63,18.4,2015
63,18.4,2020
63,18.4,2025
63,18.4,2030
63,18.4,2035
63,18.4,2040
63,18.4,2045
63,18.4,2050
63,18.4,2055
63,18.4,2060
63,18.4,2065
63,18.4,2070
63,18.4,2075
63,18.4,2080
63,18.4,2085
63,18.4,2090
63,18.4,2095
63,18.4,2100
64,34.3,1970
64,34.3,1975
64,34.3,1980
64,34.3,1985
64,34.3,1990
64,34.3,1995
64,34.3,2000
64,34.3,2005
64,34.3,2010
64,34.3,2015
64,34.3,2020
64,34.3,2025
64,34.3,2030
64,34.3,2035
64,34.3,2040
64,34.3,2045
64,34.3,2050
64,34.3,2055
64,34.3,2060
64,34.3,2065
64,34.3,2070
64,34.3,2075
64,34.3,2080
64,34.3,2085
64,34.3,2090
64,34.3,2095
64,34.3,2100
65,156.9,1970
65,156.9,1975
65,156.9,1980
65,156.9,1985
65,156.9,1990
65,156.9,1995
65,156.9,2000
65,156.9,2005
65,156.9,2010
65,156.9,2015
65,156.9,2020
65,156.9,2025
65,156.9,2030
65,156.9,2035
65,156.9,2040
65,156.9,2045
65,156.9,2050
65,156.9,2055
65,156.9,2060
65,156.9,2065
65,156.9,2070
65,156.9,2075
65,156.9,2080
65,156.9,2085
65,156.9,2090
65,156.9,2095
65,156.9,2100
66,94.4,1970
66,94.4,1975
66,94.4,1980
66,94.4,1985
66,94.4,1990
66,94.4,1995
66,94.4,2000
66,94.4,2005
66,94.4,2010
66,94.4,2015
66,94.4,2020
66,94.4,2025
66,94.4,2030
66,94.4,2035
66,94.4,2040
66,94.4,2045
66,94.4,2050
66,94.4,2055
66,94.4,2060
66,94.4,2065
66,94.4,2070
66,94.4,2075
66,94.4,2080
66,94.4,2085
66,94.4,2090
66,94.4,2095
66,94.4,2100
67,18.5,1970
67,18.5,1975
67,18.5,1980
67,18.5,1985
67,18.5,1990
67,18.5,1995
67,18.5,2000
67,18.5,2005
67,18.5,2010
67,18.5,2015
67,18.5,2020
67,18.5,2025
67,18.5,2030
67,18.5,2035
67,18.5,2040
67,18.5,2045
67,18.5,2050
67,18.5,2055
67,18.5,2060
67,18.5,2065
67,18.5,2070
67,18.5,2075
67,18.5,2080
67,18.5,2085
67,18.5,2090
67,18.5,2095
67,18.5,2100
68,61.2,1970
68,61.2,1975
68,61.2,1980
68,61.2,1985
68,61.2,1990
68,61.2,1995
68,61.2,2000
68,61.2,2005
68,61.2,2010
68,61.2,2015
68,61.2,2020
68,61.2,2025
68,61.2,2030
68,61.2,2035
68,61.2,2040
68,61.2,2045
68,61.2,2050
68,61.2,2055
68,61.2,2060
68,61.2,2065
68,61.2,2070
68,61.2,2075
68,61.2,2080
68,61.2,2085
68,61.2,2090
68,61.2,2095
68,61.2,2100
69,9,1970
69,9,1975
69,9,1980
69,9,1985
69,9,1990
69,9,1995
69,9,2000
69,9,2005
69,9,2010
69,9,2015
69,9,2020
69,9,2025
69,9,2030
69,9,2035
69,9,2040
69,9,2045
69,9,2050
69,9,2055
69,9,2060
69,9,2065
69,9,2070
69,9,2075
69,9,2080
69,9,2085
69,9,2090
69,9,2095
69,9,2100
70,127.9,1970
70,127.9,1975
70,127.9,1980
70,127.9,1985
70,127.9,1990
70,127.9,1995
70,127.9,2000
70,127.9,2005
70,127.9,2010
70,127.9,2015
70,127.9,2020
70,127.9,2025
70,127.9,2030
70,127.9,2035
70,127.9,2040
70,127.9,2045
70,127.9,2050
70,127.9,2055
70,127.9,2060
70,127.9,2065
70,127.9,2070
70,127.9,2075
70,127.9,2080
70,127.9,2085
70,127.9,2090
70,127.9,2095
70,127.9,2100
71,16.6,1970
71,16.6,1975
71,16.6,1980
71,16.6,1985
71,16.6,1990
71,16.6,1995
71,16.6,2000
71,16.6,2005
71,16.6,2010
71,16.6,2015
71,16.6,2020
71,16.6,2025
71,16.6,2030
71,16.6,2035
71,16.6,2040
71,16.6,2045
71,16.6,2050
71,16.6,2055
71,16.6,2060
71,16.6,2065
71,16.6,2070
71,16.6,2075
71,16.6,2080
71,16.6,2085
71,16.6,2090
71,16.6,2095
71,16.6,2100
72,112.3,1970
72,112.3,1975
72,112.3,1980
72,112.3,1985
72,112.3,1990
72,112.3,1995
72,112.3,2000
72,112.3,2005
72,112.3,2010
72,112.3,2015
72,112.3,2020
72,112.3,2025
72,112.3,2030
72,112.3,2035
72,112.3,2040
72,112.3,2045
72,112.3,2050
72,112.3,2055
72,112.3,2060
72,112.3,2065
72,112.3,2070
72,112.3,2075
72,112.3,2080
72,112.3,2085
72,112.3,2090
72,112.3,2095
72,112.3,2100
73,29.6,1970
73,29.6,1975
73,29.6,1980
73,29.6,1985
73,29.6,1990
73,29.6,1995
73,29.6,2000
73,29.6,2005
73,29.6,2010
73,29.6,2015
73,29.6,2020
73,29.6,2025
73,29.6,2030
73,29.6,2035
73,29.6,2040
73,29.6,2045
73,29.6,2050
73,29.6,2055
73,29.6,2060
73,29.6,2065
73,29.6,2070
73,29.6,2075
73,29.6,2080
73,29.6,2085
73,29.6,2090
73,29.6,2095
73,29.6,2100
74,23.9,1970
74,23.9,1975
74,23.9,1980
74,23.9,1985
74,23.9,1990
74,23.9,1995
74,23.9,2000
74,23.9,2005
74,23.9,2010
74,23.9,2015
74,23.9,2020
74,23.9,2025
74,23.9,2030
74,23.9,2035
74,23.9,2040
74,23.9,2045
74,23.9,2050
74,23.9,2055
74,23.9,2060
74,23.9,2065
74,23.9,2070
74,23.9,2075
74,23.9,2080
74,23.9,2085
74,23.9,2090
74,23.9,2095
74,23.9,2100
75,89.5,1970
75,89.5,1975
75,89.5,1980
75,89.5,1985
75,89.5,1990
75,89.5,1995
75,89.5,2000
75,89.5,2005
75,89.5,2010
75,89.5,2015
75,89.5,2020
75,89.5,2025
75,89.5,2030
75,89.5,2035
75,89.5,2040
75,89.5,2045
75,89.5,2050
75,89.5,2055
75,89.5,2060
75,89.5,2065
75,89.5,2070
75,89.5,2075
75,89.5,2080
75,89.5,2085
75,89.5,2090
75,89.5,2095
75,89.5,2100
76,150,1970
76,150,1975
76,150,1980
76,150,1985
76,150,1990
76,150,1995
76,150,2000
76,150,2005
76,150,2010
76,150,2015
76,150,2020
76,150,2025
76,150,2030
76,150,2035
76,150,2040
76,150,2045
76,150,2050
76,150,2055
76,150,2060
76,150,2065
76,150,2070
76,150,2075
76,150,2080
76,150,2085
76,150,2090
76,150,2095
76,150,2100
77,53.1,1970
77,53.1,1975
77,53.1,1980
77,53.1,1985
77,53.1,1990
77,53.1,1995
77,53.1,2000
77,53.1,2005
77,53.1,2010
77,53.1,2015
77,53.1,2020
77,53.1,2025
77,53.1,2030
77,53.1,2035
77,53.1,2040
77,53.1,2045
77,53.1,2050
77,53.1,2055
77,53.1,2060
77,53.1,2065
77,53.1,2070
77,53.1,2075
77,53.1,2080
77,53.1,2085
77,53.1,2090
77,53.1,2095
77,53.1,2100
78,356.6,1970
78,356.6,1975
78,356.6,1980
78,356.6,1985
78,356.6,1990
78,356.6,1995
78,356.6,2000
78,356.6,2005
78,356.6,2010
78,356.6,2015
78,356.6,2020
78,356.6,2025
78,356.6,2030
78,356.6,2035
78,356.6,2040
78,356.6,2045
78,356.6,2050
78,356.6,2055
78,356.6,2060
78,356.6,2065
78,356.6,2070
78,356.6,2075
78,356.6,2080
78,356.6,2085
78,356.6,2090
78,356.6,2095
78,356.6,2100
79,87.2,1970
79,87.2,1975
79,87.2,1980
79,87.2,1985
79,87.2,1990
79,87.2,1995
79,87.2,2000
79,87.2,2005
79,87.2,2010
79,87.2,2015
79,87.2,2020
79,87.2,2025
79,87.2,2030
79,87.2,2035
79,87.2,2040
79,87.2,2045
79,87.2,2050
79,87.2,2055
79,87.2,2060
79,87.2,2065
79,87.2,2070
79,87.2,2075
79,87.2,2080
79,87.2,2085
79,87.2,2090
79,87.2,2095
79,87.2,2100
80,54.1,1970
80,54.1,1975
80,54.1,1980
80,54.1,1985
80,54.1,1990
80,54.1,1995
80,54.1,2000
80,54.1,2005
80,54.1,2010
80,54.1,2015
80,54.1,2020
80,54.1,2025
80,54.1,2030
80,54.1,2035
80,54.1,2040
80,54.1,2045
80,54.1,2050
80,54.1,2055
80,54.1,2060
80,54.1,2065
80,54.1,2070
80,54.1,2075
80,54.1,2080
80,54.1,2085
80,54.1,2090
80,54.1,2095
80,54.1,2100
81,16.3,1970
81,16.3,1975
81,16.3,1980
81,16.3,1985
81,16.3,1990
81,16.3,1995
81,16.3,2000
81,16.3,2005
81,16.3,2010
81,16.3,2015
81,16.3,2020
81,16.3,2025
81,16.3,2030
81,16.3,2035
81,16.3,2040
81,16.3,2045
81,16.3,2050
81,16.3,2055
81,16.3,2060
81,16.3,2065
81,16.3,2070
81,16.3,2075
81,16.3,2080
81,16.3,2085
81,16.3,2090
81,16.3,2095
81,16.3,2100
82,34.6,1970
82,34.6,1975
82,34.6,1980
82,34.6,1985
82,34.6,1990
82,34.6,1995
82,34.6,2000
82,34.6,2005
82,34.6,2010
82,34.6,2015
82,34.6,2020
82,34.6,2025
82,34.6,2030
82,34.6,2035
82,34.6,2040
82,34.6,2045
82,34.6,2050
82,34.6,2055
82,34.6,2060
82,34.6,2065
82,34.6,2070
82,34.6,2075
82,34.6,2080
82,34.6,2085
82,34.6,2090
82,34.6,2095
82,34.6,2100
83,10.8,1970
83,10.8,1975
83,10.8,1980
83,10.8,1985
83,10.8,1990
83,10.8,1995
83,10.8,2000
83,10.8,2005
83,10.8,2010
83,10.8,2015
83,10.8,2020
83,10.8,2025
83,10.8,2030
83,10.8,2035
83,10.8,2040
83,10.8,2045
83,10.8,2050
83,10.8,2055
83,10.8,2060
83,10.8,2065
83,10.8,2070
83,10.8,2075
83,10.8,2080
83,10.8,2085
83,10.8,2090
83,10.8,2095
83,10.8,2100
84,152.9,1970
84,152.9,1975
84,152.9,1980
84,152.9,1985
84,152.9,1990
84,152.9,1995
84,152.9,2000
84,152.9,2005
84,152.9,2010
84,152.9,2015
84,152.9,2020
84,152.9,2025
84,152.9,2030
84,152.9,2035
84,152.9,2040
84,152.9,2045
84,152.9,2050
84,152.9,2055
84,152.9,2060
84,152.9,2065
84,152.9,2070
84,152.9,2075
84,152.9,2080
84,152.9,2085
84,152.9,2090
84,152.9,2095
84,152.9,2100
85,33.4,1970
85,33.4,1975
85,33.4,1980
85,33.4,1985
85,33.4,1990
85,33.4,1995
85,33.4,2000
85,33.4,2005
85,33.4,2010
85,33.4,2015
85,33.4,2020
85,33.4,2025
85,33.4,2030
85,33.4,2035
85,33.4,2040
85,33.4,2045
85,33.4,2050
85,33.4,2055
85,33.4,2060
85,33.4,2065
85,33.4,2070
85,33.4,2075
85,33.4,2080
85,33.4,2085
85,33.4,2090
85,33.4,2095
85,33.4,2100
86,47.1,1970
86,47.1,1975
86,47.1,1980
86,47.1,1985
86,47.1,1990
86,47.1,1995
86,47.1,2000
86,47.1,2005
86,47.1,2010
86,47.1,2015
86,47.1,2020
86,47.1,2025
86,47.1,2030
86,47.1,2035
86,47.1,2040
86,47.1,2045
86,47.1,2050
86,47.1,2055
86,47.1,2060
86,47.1,2065
86,47.1,2070
86,47.1,2075
86,47.1,2080
86,47.1,2085
86,47.1,2090
86,47.1,2095
86,47.1,2100
87,179.5,1970
87,179.5,1975
87,179.5,1980
87,179.5,1985
87,179.5,1990
87,179.5,1995
87,179.5,2000
87,179.5,2005
87,179.5,2010
87,179.5,2015
87,179.5,2020
87,179.5,2025
87,179.5,2030
87,179.5,2035
87,179.5,2040
87,179.5,2045
87,179.5,2050
87,179.5,2055
87,179.5,2060
87,179.5,2065
87,179.5,2070
87,179.5,2075
87,179.5,2080
87,179.5,2085
87,179.5,2090
87,179.5,2095
87,179.5,2100
88,18.2,1970
88,18.2,1975
88,18.2,1980
88,18.2,1985
88,18.2,1990
88,18.2,1995
88,18.2,2000
88,18.2,2005
88,18.2,2010
88,18.2,2015
88,18.2,2020
88,18.2,2025
88,18.2,2030
88,18.2,2035
88,18.2,2040
88,18.2,2045
88,18.2,2050
88,18.2,2055
88,18.2,2060
88,18.2,2065
88,18.2,2070
88,18.2,2075
88,18.2,2080
88,18.2,2085
88,18.2,2090
88,18.2,2095
88,18.2,2100
89,170.2,1970
89,170.2,1975
89,170.2,1980
89,170.2,1985
89,170.2,1990
89,170.2,1995
89,170.2,2000
89,170.2,2005
89,170.2,2010
89,170.2,2015
89,170.2,2020
89,170.2,2025
89,170.2,2030
89,170.2,2035
89,170.2,2040
89,170.2,2045
89,170.2,2050
89,170.2,2055
89,170.2,2060
89,170.2,2065
89,170.2,2070
89,170.2,2075
89,170.2,2080
89,170.2,2085
89,170.2,2090
89,170.2,2095
89,170.2,2100
90,1.8,1970
90,1.8,1975
90,1.8,1980
90,1.8,1985
90,1.8,1990
90,1.8,1995
90,1.8,2000
90,1.8,2005
90,1.8,2010
90,1.8,2015
90,1.8,2020
90,1.8,2025
90,1.8,2030
90,1.8,2035
90,1.8,2040
90,1.8,2045
90,1.8,2050
90,1.8,2055
90,1.8,2060
90,1.8,2065
90,1.8,2070
90,1.8,2075
90,1.8,2080
90,1.8,2085
90,1.8,2090
90,1.8,2095
90,1.8,2100
91,5.8,1970
91,5.8,1975
91,5.8,1980
91,5.8,1985
91,5.8,1990
91,5.8,1995
91,5.8,2000
91,5.8,2005
91,5.8,2010
91,5.8,2015
91,5.8,2020
91,5.8,2025
91,5.8,2030
91,5.8,2035
91,5.8,2040
91,5.8,2045
91,5.8,2050
91,5.8,2055
91,5.8,2060
91,5.8,2065
91,5.8,2070
91,5.8,2075
91,5.8,2080
91,5.8,2085
91,5.8,2090
91,5.8,2095
91,5.8,2100
92,18.6,1970
92,18.6,1975
92,18.6,1980
92,18.6,1985
92,18.6,1990
92,18.6,1995
92,18.6,2000
92,18.6,2005
92,18.6,2010
92,18.6,2015
92,18.6,2020
92,18.6,2025
92,18.6,2030
92,18.6,2035
92,18.6,2040
92,18.6,2045
92,18.6,2050
92,18.6,2055
92,18.6,2060
92,18.6,2065
92,18.6,2070
92,18.6,2075
92,18.6,2080
92,18.6,2085
92,18.6,2090
92,18.6,2095
92,18.6,2100
93,15,1970
93,15,1975
93,15,1980
93,15,1985
93,15,1990
93,15,1995
93,15,2000
93,15,2005
93,15,2010
93,15,2015
93,15,2020
93,15,2025
93,15,2030
93,15,2035
93,15,2040
93,15,2045
93,15,2050
93,15,2055
93,15,2060
93,15,2065
93,15,2070
93,15,2075
93,15,2080
93,15,2085
93,15,2090
93,15,2095
93,15,2100
94,45.6,1970
94,45.6,1975
94,45.6,1980
94,45.6,1985
94,45.6,1990
94,45.6,1995
94,45.6,2000
94,45.6,2005
94,45.6,2010
94,45.6,2015
94,45.6,2020
94,45.6,2025
94,45.6,2030
94,45.6,2035
94,45.6,2040
94,45.6,2045
94,45.6,2050
94,45.6,2055
94,45.6,2060
94,45.6,2065
94,45.6,2070
94,45.6,2075
94,45.6,2080
94,45.6,2085
94,45.6,2090
94,45.6,2095
94,45.6,2100
95,5.1,1970
95,5.1,1975
95,5.1,1980
95,5.1,1985
95,5.1,1990
95,5.1,1995
95,5.1,2000
95,5.1,2005
95,5.1,2010
95,5.1,2015
95,5.1,2020
95,5.1,2025
95,5.1,2030
95,5.1,2035
95,5.1,2040
95,5.1,2045
95,5.1,2050
95,5.1,2055
95,5.1,2060
95,5.1,2065
95,5.1,2070
95,5.1,2075
95,5.1,2080
95,5.1,2085
95,5.1,2090
95,5.1,2095
95,5.1,2100
96,78.4,1970
96,78.4,1975
96,78.4,1980
96,78.4,1985
96,78.4,1990
96,78.4,1995
96,78.4,2000
96,78.4,2005
96,78.4,2010
96,78.4,2015
96,78.4,2020
96,78.4,2025
96,78.4,2030
96,78.4,2035
96,78.4,2040
96,78.4,2045
96,78.4,2050
96,78.4,2055
96,78.4,2060
96,78.4,2065
96,78.4,2070
96,78.4,2075
96,78.4,2080
96,78.4,2085
96,78.4,2090
96,78.4,2095
96,78.4,2100
97,9.3,1970
97,9.3,1975
97,9.3,1980
97,9.3,1985
97,9.3,1990
97,9.3,1995
97,9.3,2000
97,9.3,2005
97,9.3,2010
97,9.3,2015
97,9.3,2020
97,9.3,2025
97,9.3,2030
97,9.3,2035
97,9.3,2040
97,9.3,2045
97,9.3,2050
97,9.3,2055
97,9.3,2060
97,9.3,2065
97,9.3,2070
97,9.3,2075
97,9.3,2080
97,9.3,2085
97,9.3,2090
97,9.3,2095
97,9.3,2100
98,0.1,1970
98,0.1,1975
98,0.1,1980
98,0.1,1985
98,0.1,1990
98,0.1,1995
98,0.1,2000
98,0.1,2005
98,0.1,2010
98,0.1,2015
98,0.1,2020
98,0.1,2025
98,0.1,2030
98,0.1,2035
98,0.1,2040
98,0.1,2045
98,0.1,2050
98,0.1,2055
98,0.1,2060
98,0.1,2065
98,0.1,2070
98,0.1,2075
98,0.1,2080
98,0.1,2085
98,0.1,2090
98,0.1,2095
98,0.1,2100
99,5.4,1970
99,5.4,1975
99,5.4,1980
99,5.4,1985
99,5.4,1990
99,5.4,1995
99,5.4,2000
99,5.4,2005
99,5.4,2010
99,5.4,2015
99,5.4,2020
99,5.4,2025
99,5.4,2030
99,5.4,2035
99,5.4,2040
99,5.4,2045
99,5.4,2050
99,5.4,2055
99,5.4,2060
99,5.4,2065
99,5.4,2070
99,5.4,2075
99,5.4,2080
99,5.4,2085
99,5.4,2090
99,5.4,2095
99,5.4,2100
100,28.1,1970
100,28.1,1975
100,28.1,1980
100,28.1,1985
100,28.1,1990
100,28.1,1995
100,28.1,2000
100,28.1,2005
100,28.1,2010
100,28.1,2015
100,28.1,2020
100,28.1,2025
100,28.1,2030
100,28.1,2035
100,28.1,2040
100,28.1,2045
100,28.1,2050
100,28.1,2055
100,28.1,2060
100,28.1,2065
100,28.1,2070
100,28.1,2075
100,28.1,2080
100,28.1,2085
100,28.1,2090
100,28.1,2095
100,28.1,2100
101,152.5,1970
101,152.5,1975
101,152.5,1980
101,152.5,1985
101,152.5,1990
101,152.5,1995
101,152.5,2000
101,152.5,2005
101,152.5,2010
101,152.5,2015
101,152.5,2020
101,152.5,2025
101,152.5,2030
101,152.5,2035
101,152.5,2040
101,152.5,2045
101,152.5,2050
101,152.5,2055
101,152.5,2060
101,152.5,2065
101,152.5,2070
101,152.5,2075
101,152.5,2080
101,152.5,2085
101,152.5,2090
101,152.5,2095
101,152.5,2100
102,4,1970
102,4,1975
102,4,1980
102,4,1985
102,4,1990
102,4,1995
102,4,2000
102,4,2005
102,4,2010
102,4,2015
102,4,2020
102,4,2025
102,4,2030
102,4,2035
102,4,2040
102,4,2045
102,4,2050
102,4,2055
102,4,2060
102,4,2065
102,4,2070
102,4,2075
102,4,2080
102,4,2085
102,4,2090
102,4,2095
102,4,2100
103,89.9,1970
103,89.9,1975
103,89.9,1980
103,89.9,1985
103,89.9,1990
103,89.9,1995
103,89.9,2000
103,89.9,2005
103,89.9,2010
103,89.9,2015
103,89.9,2020
103,89.9,2025
103,89.9,2030
103,89.9,2035
103,89.9,2040
103,89.9,2045
103,89.9,2050
103,89.9,2055
103,89.9,2060
103,89.9,2065
103,89.9,2070
103,89.9,2075
103,89.9,2080
103,89.9,2085
103,89.9,2090
103,89.9,2095
103,89.9,2100
104,9.1,1970
104,9.1,1975
104,9.1,1980
104,9.1,1985
104,9.1,1990
104,9.1,1995
104,9.1,2000
104,9.1,2005
104,9.1,2010
104,9.1,2015
104,9.1,2020
104,9.1,2025
104,9.1,2030
104,9.1,2035
104,9.1,2040
104,9.1,2045
104,9.1,2050
104,9.1,2055
104,9.1,2060
104,9.1,2065
104,9.1,2070
104,9.1,2075
104,9.1,2080
104,9.1,2085
104,9.1,2090
104,9.1,2095
104,9.1,2100
105,28.1,1970
105,28.1,1975
105,28.1,1980
105,28.1,1985
105,28.1,1990
105,28.1,1995
105,28.1,2000
105,28.1,2005
105,28.1,2010
105,28.1,2015
105,28.1,2020
105,28.1,2025
105,28.1,2030
105,28.1,2035
105,28.1,2040
105,28.1,2045
105,28.1,2050
105,28.1,2055
105,28.1,2060
105,28.1,2065
105,28.1,2070
105,28.1,2075
105,28.1,2080
105,28.1,2085
105,28.1,2090
105,28.1,2095
105,28.1,2100
106,1047,1970
106,1047,1975
106,1047,1980
106,1047,1985
106,1047,1990
106,1047,1995
106,1047,2000
106,1047,2005
106,1047,2010
106,1047,2015
106,1047,2020
106,1047,2025
106,1047,2030
106,1047,2035
106,1047,2040
106,1047,2045
106,1047,2050
106,1047,2055
106,1047,2060
106,1047,2065
106,1047,2070
106,1047,2075
106,1047,2080
106,1047,2085
106,1047,2090
106,1047,2095
106,1047,2100
107,35.5,1970
107,35.5,1975
107,35.5,1980
107,35.5,1985
107,35.5,1990
107,35.5,1995
107,35.5,2000
107,35.5,2005
107,35.5,2010
107,35.5,2015
107,35.5,2020
107,35.5,2025
107,35.5,2030
107,35.5,2035
107,35.5,2040
107,35.5,2045
107,35.5,2050
107,35.5,2055
107,35.5,2060
107,35.5,2065
107,35.5,2070
107,35.5,2075
107,35.5,2080
107,35.5,2085
107,35.5,2090
107,35.5,2095
107,35.5,2100
108,288.7,1970
108,288.7,1975
108,288.7,1980
108,288.7,1985
108,288.7,1990
108,288.7,1995
108,288.7,2000
108,288.7,2005
108,288.7,2010
108,288.7,2015
108,288.7,2020
108,288.7,2025
108,288.7,2030
108,288.7,2035
108,288.7,2040
108,288.7,2045
108,288.7,2050
108,288.7,2055
108,288.7,2060
108,288.7,2065
108,288.7,2070
108,288.7,2075
108,288.7,2080
108,288.7,2085
108,288.7,2090
108,288.7,2095
108,288.7,2100
109,155.7,1970
109,155.7,1975
109,155.7,1980
109,155.7,1985
109,155.7,1990
109,155.7,1995
109,155.7,2000
109,155.7,2005
109,155.7,2010
109,155.7,2015
109,155.7,2020
109,155.7,2025
109,155.7,2030
109,155.7,2035
109,155.7,2040
109,155.7,2045
109,155.7,2050
109,155.7,2055
109,155.7,2060
109,155.7,2065
109,155.7,2070
109,155.7,2075
109,155.7,2080
109,155.7,2085
109,155.7,2090
109,155.7,2095
109,155.7,2100
110,1661.9,1970
110,1661.9,1975
110,1661.9,1980
110,1661.9,1985
110,1661.9,1990
110,1661.9,1995
110,1661.9,2000
110,1661.9,2005
110,1661.9,2010
110,1661.9,2015
110,1661.9,2020
110,1661.9,2025
110,1661.9,2030
110,1661.9,2035
110,1661.9,2040
110,1661.9,2045
110,1661.9,2050
110,1661.9,2055
110,1661.9,2060
110,1661.9,2065
110,1661.9,2070
110,1661.9,2075
110,1661.9,2080
110,1661.9,2085
110,1661.9,2090
110,1661.9,2095
110,1661.9,2100
111,134.9,1970
111,134.9,1975
111,134.9,1980
111,134.9,1985
111,134.9,1990
111,134.9,1995
111,134.9,2000
111,134.9,2005
111,134.9,2010
111,134.9,2015
111,134.9,2020
111,134.9,2025
111,134.9,2030
111,134.9,2035
111,134.9,2040
111,134.9,2045
111,134.9,2050
111,134.9,2055
111,134.9,2060
111,134.9,2065
111,134.9,2070
111,134.9,2075
111,134.9,2080
111,134.9,2085
111,134.9,2090
111,134.9,2095
111,134.9,2100
112,89.3,1970
112,89.3,1975
112,89.3,1980
112,89.3,1985
112,89.3,1990
112,89.3,1995
112,89.3,2000
112,89.3,2005
112,89.3,2010
112,89.3,2015
112,89.3,2020
112,89.3,2025
112,89.3,2030
112,89.3,2035
112,89.3,2040
112,89.3,2045
112,89.3,2050
112,89.3,2055
112,89.3,2060
112,89.3,2065
112,89.3,2070
112,89.3,2075
112,89.3,2080
112,89.3,2085
112,89.3,2090
112,89.3,2095
112,89.3,2100
113,8.9,1970
113,8.9,1975
113,8.9,1980
113,8.9,1985
113,8.9,1990
113,8.9,1995
113,8.9,2000
113,8.9,2005
113,8.9,2010
113,8.9,2015
113,8.9,2020
113,8.9,2025
113,8.9,2030
113,8.9,2035
113,8.9,2040
113,8.9,2045
113,8.9,2050
113,8.9,2055
113,8.9,2060
113,8.9,2065
113,8.9,2070
113,8.9,2075
113,8.9,2080
113,8.9,2085
113,8.9,2090
113,8.9,2095
113,8.9,2100
114,10.3,1970
114,10.3,1975
114,10.3,1980
114,10.3,1985
114,10.3,1990
114,10.3,1995
114,10.3,2000
114,10.3,2005
114,10.3,2010
114,10.3,2015
114,10.3,2020
114,10.3,2025
114,10.3,2030
114,10.3,2035
114,10.3,2040
114,10.3,2045
114,10.3,2050
114,10.3,2055
114,10.3,2060
114,10.3,2065
114,10.3,2070
114,10.3,2075
114,10.3,2080
114,10.3,2085
114,10.3,2090
114,10.3,2095
114,10.3,2100
115,22.5,1970
115,22.5,1975
115,22.5,1980
115,22.5,1985
115,22.5,1990
115,22.5,1995
115,22.5,2000
115,22.5,2005
115,22.5,2010
115,22.5,2015
115,22.5,2020
115,22.5,2025
115,22.5,2030
115,22.5,2035
115,22.5,2040
115,22.5,2045
115,22.5,2050
115,22.5,2055
115,22.5,2060
115,22.5,2065
115,22.5,2070
115,22.5,2075
115,22.5,2080
115,22.5,2085
115,22.5,2090
115,22.5,2095
115,22.5,2100
116,245.3,1970
116,245.3,1975
116,245.3,1980
116,245.3,1985
116,245.3,1990
116,245.3,1995
116,245.3,2000
116,245.3,2005
116,245.3,2010
116,245.3,2015
116,245.3,2020
116,245.3,2025
116,245.3,2030
116,245.3,2035
116,245.3,2040
116,245.3,2045
116,245.3,2050
116,245.3,2055
116,245.3,2060
116,245.3,2065
116,245.3,2070
116,245.3,2075
116,245.3,2080
116,245.3,2085
116,245.3,2090
116,245.3,2095
116,245.3,2100
117,21,1970
117,21,1975
117,21,1980
117,21,1985
117,21,1990
117,21,1995
117,21,2000
117,21,2005
117,21,2010
117,21,2015
117,21,2020
117,21,2025
117,21,2030
117,21,2035
117,21,2040
117,21,2045
117,21,2050
117,21,2055
117,21,2060
117,21,2065
117,21,2070
117,21,2075
117,21,2080
117,21,2085
117,21,2090
117,21,2095
117,21,2100
118,50.2,1970
118,50.2,1975
118,50.2,1980
118,50.2,1985
118,50.2,1990
118,50.2,1995
118,50.2,2000
118,50.2,2005
118,50.2,2010
118,50.2,2015
118,50.2,2020
118,50.2,2025
118,50.2,2030
118,50.2,2035
118,50.2,2040
118,50.2,2045
118,50.2,2050
118,50.2,2055
118,50.2,2060
118,50.2,2065
118,50.2,2070
118,50.2,2075
118,50.2,2080
118,50.2,2085
118,50.2,2090
118,50.2,2095
118,50.2,2100
119,416.6,1970
119,416.6,1975
119,416.6,1980
119,416.6,1985
119,416.6,1990
119,416.6,1995
119,416.6,2000
119,416.6,2005
119,416.6,2010
119,416.6,2015
119,416.6,2020
119,416.6,2025
119,416.6,2030
119,416.6,2035
119,416.6,2040
119,416.6,2045
119,416.6,2050
119,416.6,2055
119,416.6,2060
119,416.6,2065
119,416.6,2070
119,416.6,2075
119,416.6,2080
119,416.6,2085
119,416.6,2090
119,416.6,2095
119,416.6,2100
120,43.2,1970
120,43.2,1975
120,43.2,1980
120,43.2,1985
120,43.2,1990
120,43.2,1995
120,43.2,2000
120,43.2,2005
120,43.2,2010
120,43.2,2015
120,43.2,2020
120,43.2,2025
120,43.2,2030
120,43.2,2035
120,43.2,2040
120,43.2,2045
120,43.2,2050
120,43.2,2055
120,43.2,2060
120,43.2,2065
120,43.2,2070
120,43.2,2075
120,43.2,2080
120,43.2,2085
120,43.2,2090
120,43.2,2095
120,43.2,2100
122,85.4,1970
122,85.4,1975
122,85.4,1980
122,85.4,1985
122,85.4,1990
122,85.4,1995
122,85.4,2000
122,85.4,2005
122,85.4,2010
122,85.4,2015
122,85.4,2020
122,85.4,2025
122,85.4,2030
122,85.4,2035
122,85.4,2040
122,85.4,2045
122,85.4,2050
122,85.4,2055
122,85.4,2060
122,85.4,2065
122,85.4,2070
122,85.4,2075
122,85.4,2080
122,85.4,2085
122,85.4,2090
122,85.4,2095
122,85.4,2100
123,125.6,1970
123,125.6,1975
123,125.6,1980
123,125.6,1985
123,125.6,1990
123,125.6,1995
123,125.6,2000
123,125.6,2005
123,125.6,2010
123,125.6,2015
123,125.6,2020
123,125.6,2025
123,125.6,2030
123,125.6,2035
123,125.6,2040
123,125.6,2045
123,125.6,2050
123,125.6,2055
123,125.6,2060
123,125.6,2065
123,125.6,2070
123,125.6,2075
123,125.6,2080
123,125.6,2085
123,125.6,2090
123,125.6,2095
123,125.6,2100
124,30.4,1970
124,30.4,1975
124,30.4,1980
124,30.4,1985
124,30.4,1990
124,30.4,1995
124,30.4,2000
124,30.4,2005
124,30.4,2010
124,30.4,2015
124,30.4,2020
124,30.4,2025
124,30.4,2030
124,30.4,2035
124,30.4,2040
124,30.4,2045
124,30.4,2050
124,30.4,2055
124,30.4,2060
124,30.4,2065
124,30.4,2070
124,30.4,2075
124,30.4,2080
124,30.4,2085
124,30.4,2090
124,30.4,2095
124,30.4,2100
125,544.7,1970
125,544.7,1975
125,544.7,1980
125,544.7,1985
125,544.7,1990
125,544.7,1995
125,544.7,2000
125,544.7,2005
125,544.7,2010
125,544.7,2015
125,544.7,2020
125,544.7,2025
125,544.7,2030
125,544.7,2035
125,544.7,2040
125,544.7,2045
125,544.7,2050
125,544.7,2055
125,544.7,2060
125,544.7,2065
125,544.7,2070
125,544.7,2075
125,544.7,2080
125,544.7,2085
125,544.7,2090
125,544.7,2095
125,544.7,2100
126,175.1,1970
126,175.1,1975
126,175.1,1980
126,175.1,1985
126,175.1,1990
126,175.1,1995
126,175.1,2000
126,175.1,2005
126,175.1,2010
126,175.1,2015
126,175.1,2020
126,175.1,2025
126,175.1,2030
126,175.1,2035
126,175.1,2040
126,175.1,2045
126,175.1,2050
126,175.1,2055
126,175.1,2060
126,175.1,2065
126,175.1,2070
126,175.1,2075
126,175.1,2080
126,175.1,2085
126,175.1,2090
126,175.1,2095
126,175.1,2100
127,179.9,1970
127,179.9,1975
127,179.9,1980
127,179.9,1985
127,179.9,1990
127,179.9,1995
127,179.9,2000
127,179.9,2005
127,179.9,2010
127,179.9,2015
127,179.9,2020
127,179.9,2025
127,179.9,2030
127,179.9,2035
127,179.9,2040
127,179.9,2045
127,179.9,2050
127,179.9,2055
127,179.9,2060
127,179.9,2065
127,179.9,2070
127,179.9,2075
127,179.9,2080
127,179.9,2085
127,179.9,2090
127,179.9,2095
127,179.9,2100
128,23.4,1970
128,23.4,1975
128,23.4,1980
128,23.4,1985
128,23.4,1990
128,23.4,1995
128,23.4,2000
128,23.4,2005
128,23.4,2010
128,23.4,2015
128,23.4,2020
128,23.4,2025
128,23.4,2030
128,23.4,2035
128,23.4,2040
128,23.4,2045
128,23.4,2050
128,23.4,2055
128,23.4,2060
128,23.4,2065
128,23.4,2070
128,23.4,2075
128,23.4,2080
128,23.4,2085
128,23.4,2090
128,23.4,2095
128,23.4,2100
129,188.8,1970
129,188.8,1975
129,188.8,1980
129,188.8,1985
129,188.8,1990
129,188.8,1995
129,188.8,2000
129,188.8,2005
129,188.8,2010
129,188.8,2015
129,188.8,2020
129,188.8,2025
129,188.8,2030
129,188.8,2035
129,188.8,2040
129,188.8,2045
129,188.8,2050
129,188.8,2055
129,188.8,2060
129,188.8,2065
129,188.8,2070
129,188.8,2075
129,188.8,2080
129,188.8,2085
129,188.8,2090
129,188.8,2095
129,188.8,2100
130,81.6,1970
130,81.6,1975
130,81.6,1980
130,81.6,1985
130,81.6,1990
130,81.6,1995
130,81.6,2000
130,81.6,2005
130,81.6,2010
130,81.6,2015
130,81.6,2020
130,81.6,2025
130,81.6,2030
130,81.6,2035
130,81.6,2040
130,81.6,2045
130,81.6,2050
130,81.6,2055
130,81.6,2060
130,81.6,2065
130,81.6,2070
130,81.6,2075
130,81.6,2080
130,81.6,2085
130,81.6,2090
130,81.6,2095
130,81.6,2100
131,36,1970
131,36,1975
131,36,1980
131,36,1985
131,36,1990
131,36,1995
131,36,2000
131,36,2005
131,36,2010
131,36,2015
131,36,2020
131,36,2025
131,36,2030
131,36,2035
131,36,2040
131,36,2045
131,36,2050
131,36,2055
131,36,2060
131,36,2065
131,36,2070
131,36,2075
131,36,2080
131,36,2085
131,36,2090
131,36,2095
131,36,2100
132,36.9,1970
132,36.9,1975
132,36.9,1980
132,36.9,1985
132,36.9,1990
132,36.9,1995
132,36.9,2000
132,36.9,2005
132,36.9,2010
132,36.9,2015
132,36.9,2020
132,36.9,2025
132,36.9,2030
132,36.9,2035
132,36.9,2040
132,36.9,2045
132,36.9,2050
132,36.9,2055
132,36.9,2060
132,36.9,2065
132,36.9,2070
132,36.9,2075
132,36.9,2080
132,36.9,2085
132,36.9,2090
132,36.9,2095
132,36.9,2100
133,144.6,1970
133,144.6,1975
133,144.6,1980
133,144.6,1985
133,144.6,1990
133,144.6,1995
133,144.6,2000
133,144.6,2005
133,144.6,2010
133,144.6,2015
133,144.6,2020
133,144.6,2025
133,144.6,2030
133,144.6,2035
133,144.6,2040
133,144.6,2045
133,144.6,2050
133,144.6,2055
133,144.6,2060
133,144.6,2065
133,144.6,2070
133,144.6,2075
133,144.6,2080
133,144.6,2085
133,144.6,2090
133,144.6,2095
133,144.6,2100
134,63.6,1970
134,63.6,1975
134,63.6,1980
134,63.6,1985
134,63.6,1990
134,63.6,1995
134,63.6,2000
134,63.6,2005
134,63.6,2010
134,63.6,2015
134,63.6,2020
134,63.6,2025
134,63.6,2030
134,63.6,2035
134,63.6,2040
134,63.6,2045
134,63.6,2050
134,63.6,2055
134,63.6,2060
134,63.6,2065
134,63.6,2070
134,63.6,2075
134,63.6,2080
134,63.6,2085
134,63.6,2090
134,63.6,2095
134,63.6,2100
135,484.6,1970
135,484.6,1975
135,484.6,1980
135,484.6,1985
135,484.6,1990
135,484.6,1995
135,484.6,2000
135,484.6,2005
135,484.6,2010
135,484.6,2015
135,484.6,2020
135,484.6,2025
135,484.6,2030
135,484.6,2035
135,484.6,2040
135,484.6,2045
135,484.6,2050
135,484.6,2055
135,484.6,2060
135,484.6,2065
135,484.6,2070
135,484.6,2075
135,484.6,2080
135,484.6,2085
135,484.6,2090
135,484.6,2095
135,484.6,2100
136,60.3,1970
136,60.3,1975
136,60.3,1980
136,60.3,1985
136,60.3,1990
136,60.3,1995
136,60.3,2000
136,60.3,2005
136,60.3,2010
136,60.3,2015
136,60.3,2020
136,60.3,2025
136,60.3,2030
136,60.3,2035
136,60.3,2040
136,60.3,2045
136,60.3,2050
136,60.3,2055
136,60.3,2060
136,60.3,2065
136,60.3,2070
136,60.3,2075
136,60.3,2080
136,60.3,2085
136,60.3,2090
136,60.3,2095
136,60.3,2100
137,482.3,1970
137,482.3,1975
137,482.3,1980
137,482.3,1985
137,482.3,1990
137,482.3,1995
137,482.3,2000
137,482.3,2005
137,482.3,2010
137,482.3,2015
137,482.3,2020
137,482.3,2025
137,482.3,2030
137,482.3,2035
137,482.3,2040
137,482.3,2045
137,482.3,2050
137,482.3,2055
137,482.3,2060
137,482.3,2065
137,482.3,2070
137,482.3,2075
137,482.3,2080
137,482.3,2085
137,482.3,2090
137,482.3,2095
137,482.3,2100
138,58,1970
138,58,1975
138,58,1980
138,58,1985
138,58,1990
138,58,1995
138,58,2000
138,58,2005
138,58,2010
138,58,2015
138,58,2020
138,58,2025
138,58,2030
138,58,2035
138,58,2040
138,58,2045
138,58,2050
138,58,2055
138,58,2060
138,58,2065
138,58,2070
138,58,2075
138,58,2080
138,58,2085
138,58,2090
138,58,2095
138,58,2100
139,366.8,1970
139,366.8,1975
139,366.8,1980
139,366.8,1985
139,366.8,1990
139,366.8,1995
139,366.8,2000
139,366.8,2005
139,366.8,2010
139,366.8,2015
139,366.8,2020
139,366.8,2025
139,366.8,2030
139,366.8,2035
139,366.8,2040
139,366.8,2045
139,366.8,2050
139,366.8,2055
139,366.8,2060
139,366.8,2065
139,366.8,2070
139,366.8,2075
139,366.8,2080
139,366.8,2085
139,366.8,2090
139,366.8,2095
139,366.8,2100
140,65.7,1970
140,65.7,1975
140,65.7,1980
140,65.7,1985
140,65.7,1990
140,65.7,1995
140,65.7,2000
140,65.7,2005
140,65.7,2010
140,65.7,2015
140,65.7,2020
140,65.7,2025
140,65.7,2030
140,65.7,2035
140,65.7,2040
140,65.7,2045
140,65.7,2050
140,65.7,2055
140,65.7,2060
140,65.7,2065
140,65.7,2070
140,65.7,2075
140,65.7,2080
140,65.7,2085
140,65.7,2090
140,65.7,2095
140,65.7,2100
142,632.5,1970
142,632.5,1975
142,632.5,1980
142,632.5,1985
142,632.5,1990
142,632.5,1995
142,632.5,2000
142,632.5,2005
142,632.5,2010
142,632.5,2015
142,632.5,2020
142,632.5,2025
142,632.5,2030
142,632.5,2035
142,632.5,2040
142,632.5,2045
142,632.5,2050
142,632.5,2055
142,632.5,2060
142,632.5,2065
142,632.5,2070
142,632.5,2075
142,632.5,2080
142,632.5,2085
142,632.5,2090
142,632.5,2095
142,632.5,2100
143,230.6,1970
143,230.6,1975
143,230.6,1980
143,230.6,1985
143,230.6,1990
143,230.6,1995
143,230.6,2000
143,230.6,2005
143,230.6,2010
143,230.6,2015
143,230.6,2020
143,230.6,2025
143,230.6,2030
143,230.6,2035
143,230.6,2040
143,230.6,2045
143,230.6,2050
143,230.6,2055
143,230.6,2060
143,230.6,2065
143,230.6,2070
143,230.6,2075
143,230.6,2080
143,230.6,2085
143,230.6,2090
143,230.6,2095
143,230.6,2100
144,40.9,1970
144,40.9,1975
144,40.9,1980
144,40.9,1985
144,40.9,1990
144,40.9,1995
144,40.9,2000
144,40.9,2005
144,40.9,2010
144,40.9,2015
144,40.9,2020
144,40.9,2025
144,40.9,2030
144,40.9,2035
144,40.9,2040
144,40.9,2045
144,40.9,2050
144,40.9,2055
144,40.9,2060
144,40.9,2065
144,40.9,2070
144,40.9,2075
144,40.9,2080
144,40.9,2085
144,40.9,2090
144,40.9,2095
144,40.9,2100
145,16.6,1970
145,16.6,1975
145,16.6,1980
145,16.6,1985
145,16.6,1990
145,16.6,1995
145,16.6,2000
145,16.6,2005
145,16.6,2010
145,16.6,2015
145,16.6,2020
145,16.6,2025
145,16.6,2030
145,16.6,2035
145,16.6,2040
145,16.6,2045
145,16.6,2050
145,16.6,2055
145,16.6,2060
145,16.6,2065
145,16.6,2070
145,16.6,2075
145,16.6,2080
145,16.6,2085
145,16.6,2090
145,16.6,2095
145,16.6,2100
146,40.5,1970
146,40.5,1975
146,40.5,1980
146,40.5,1985
146,40.5,1990
146,40.5,1995
146,40.5,2000
146,40.5,2005
146,40.5,2010
146,40.5,2015
146,40.5,2020
146,40.5,2025
146,40.5,2030
146,40.5,2035
146,40.5,2040
146,40.5,2045
146,40.5,2050
146,40.5,2055
146,40.5,2060
146,40.5,2065
146,40.5,2070
146,40.5,2075
146,40.5,2080
146,40.5,2085
146,40.5,2090
146,40.5,2095
146,40.5,2100
147,12,1970
147,12,1975
147,12,1980
147,12,1985
147,12,1990
147,12,1995
147,12,2000
147,12,2005
147,12,2010
147,12,2015
147,12,2020
147,12,2025
147,12,2030
147,12,2035
147,12,2040
147,12,2045
147,12,2050
147,12,2055
147,12,2060
147,12,2065
147,12,2070
147,12,2075
147,12,2080
147,12,2085
147,12,2090
147,12,2095
147,12,2100
148,56.4,1970
148,56.4,1975
148,56.4,1980
148,56.4,1985
148,56.4,1990
148,56.4,1995
148,56.4,2000
148,56.4,2005
148,56.4,2010
148,56.4,2015
148,56.4,2020
148,56.4,2025
148,56.4,2030
148,56.4,2035
148,56.4,2040
148,56.4,2045
148,56.4,2050
148,56.4,2055
148,56.4,2060
148,56.4,2065
148,56.4,2070
148,56.4,2075
148,56.4,2080
148,56.4,2085
148,56.4,2090
148,56.4,2095
148,56.4,2100
149,274.8,1970
149,274.8,1975
149,274.8,1980
149,274.8,1985
149,274.8,1990
149,274.8,1995
149,274.8,2000
149,274.8,2005
149,274.8,2010
149,274.8,2015
149,274.8,2020
149,274.8,2025
149,274.8,2030
149,274.8,2035
149,274.8,2040
149,274.8,2045
149,274.8,2050
149,274.8,2055
149,274.8,2060
149,274.8,2065
149,274.8,2070
149,274.8,2075
149,274.8,2080
149,274.8,2085
149,274.8,2090
149,274.8,2095
149,274.8,2100
151,82.2,1970
151,82.2,1975
151,82.2,1980
151,82.2,1985
151,82.2,1990
151,82.2,1995
151,82.2,2000
151,82.2,2005
151,82.2,2010
151,82.2,2015
151,82.2,2020
151,82.2,2025
151,82.2,2030
151,82.2,2035
151,82.2,2040
151,82.2,2045
151,82.2,2050
151,82.2,2055
151,82.2,2060
151,82.2,2065
151,82.2,2070
151,82.2,2075
151,82.2,2080
151,82.2,2085
151,82.2,2090
151,82.2,2095
151,82.2,2100
152,35.7,1970
152,35.7,1975
152,35.7,1980
152,35.7,1985
152,35.7,1990
152,35.7,1995
152,35.7,2000
152,35.7,2005
152,35.7,2010
152,35.7,2015
152,35.7,2020
152,35.7,2025
152,35.7,2030
152,35.7,2035
152,35.7,2040
152,35.7,2045
152,35.7,2050
152,35.7,2055
152,35.7,2060
152,35.7,2065
152,35.7,2070
152,35.7,2075
152,35.7,2080
152,35.7,2085
152,35.7,2090
152,35.7,2095
152,35.7,2100
153,32.3,1970
153,32.3,1975
153,32.3,1980
153,32.3,1985
153,32.3,1990
153,32.3,1995
153,32.3,2000
153,32.3,2005
153,32.3,2010
153,32.3,2015
153,32.3,2020
153,32.3,2025
153,32.3,2030
153,32.3,2035
153,32.3,2040
153,32.3,2045
153,32.3,2050
153,32.3,2055
153,32.3,2060
153,32.3,2065
153,32.3,2070
153,32.3,2075
153,32.3,2080
153,32.3,2085
153,32.3,2090
153,32.3,2095
153,32.3,2100
154,35.6,1970
154,35.6,1975
154,35.6,1980
154,35.6,1985
154,35.6,1990
154,35.6,1995
154,35.6,2000
154,35.6,2005
154,35.6,2010
154,35.6,2015
154,35.6,2020
154,35.6,2025
154,35.6,2030
154,35.6,2035
154,35.6,2040
154,35.6,2045
154,35.6,2050
154,35.6,2055
154,35.6,2060
154,35.6,2065
154,35.6,2070
154,35.6,2075
154,35.6,2080
154,35.6,2085
154,35.6,2090
154,35.6,2095
154,35.6,2100
155,74.2,1970
155,74.2,1975
155,74.2,1980
155,74.2,1985
155,74.2,1990
155,74.2,1995
155,74.2,2000
155,74.2,2005
155,74.2,2010
155,74.2,2015
155,74.2,2020
155,74.2,2025
155,74.2,2030
155,74.2,2035
155,74.2,2040
155,74.2,2045
155,74.2,2050
155,74.2,2055
155,74.2,2060
155,74.2,2065
155,74.2,2070
155,74.2,2075
155,74.2,2080
155,74.2,2085
155,74.2,2090
155,74.2,2095
155,74.2,2100
156,1031.6,1970
156,1031.6,1975
156,1031.6,1980
156,1031.6,1985
156,1031.6,1990
156,1031.6,1995
156,1031.6,2000
156,1031.6,2005
156,1031.6,2010
156,1031.6,2015
156,1031.6,2020
156,1031.6,2025
156,1031.6,2030
156,1031.6,2035
156,1031.6,2040
156,1031.6,2045
156,1031.6,2050
156,1031.6,2055
156,1031.6,2060
156,1031.6,2065
156,1031.6,2070
156,1031.6,2075
156,1031.6,2080
156,1031.6,2085
156,1031.6,2090
156,1031.6,2095
156,1031.6,2100
157,317.8,1970
157,317.8,1975
157,317.8,1980
157,317.8,1985
157,317.8,1990
157,317.8,1995
157,317.8,2000
157,317.8,2005
157,317.8,2010
157,317.8,2015
157,317.8,2020
157,317.8,2025
157,317.8,2030
157,317.8,2035
157,317.8,2040
157,317.8,2045
157,317.8,2050
157,317.8,2055
157,317.8,2060
157,317.8,2065
157,317.8,2070
157,317.8,2075
157,317.8,2080
157,317.8,2085
157,317.8,2090
157,317.8,2095
157,317.8,2100
158,62.2,1970
158,62.2,1975
158,62.2,1980
158,62.2,1985
158,62.2,1990
158,62.2,1995
158,62.2,2000
158,62.2,2005
158,62.2,2010
158,62.2,2015
158,62.2,2020
158,62.2,2025
158,62.2,2030
158,62.2,2035
158,62.2,2040
158,62.2,2045
158,62.2,2050
158,62.2,2055
158,62.2,2060
158,62.2,2065
158,62.2,2070
158,62.2,2075
158,62.2,2080
158,62.2,2085
158,62.2,2090
158,62.2,2095
158,62.2,2100
159,370.1,1970
159,370.1,1975
159,370.1,1980
159,370.1,1985
159,370.1,1990
159,370.1,1995
159,370.1,2000
159,370.1,2005
159,370.1,2010
159,370.1,2015
159,370.1,2020
159,370.1,2025
159,370.1,2030
159,370.1,2035
159,370.1,2040
159,370.1,2045
159,370.1,2050
159,370.1,2055
159,370.1,2060
159,370.1,2065
159,370.1,2070
159,370.1,2075
159,370.1,2080
159,370.1,2085
159,370.1,2090
159,370.1,2095
159,370.1,2100
160,31.6,1970
160,31.6,1975
160,31.6,1980
160,31.6,1985
160,31.6,1990
160,31.6,1995
160,31.6,2000
160,31.6,2005
160,31.6,2010
160,31.6,2015
160,31.6,2020
160,31.6,2025
160,31.6,2030
160,31.6,2035
160,31.6,2040
160,31.6,2045
160,31.6,2050
160,31.6,2055
160,31.6,2060
160,31.6,2065
160,31.6,2070
160,31.6,2075
160,31.6,2080
160,31.6,2085
160,31.6,2090
160,31.6,2095
160,31.6,2100
161,592.3,1970
161,592.3,1975
161,592.3,1980
161,592.3,1985
161,592.3,1990
161,592.3,1995
161,592.3,2000
161,592.3,2005
161,592.3,2010
161,592.3,2015
161,592.3,2020
161,592.3,2025
161,592.3,2030
161,592.3,2035
161,592.3,2040
161,592.3,2045
161,592.3,2050
161,592.3,2055
161,592.3,2060
161,592.3,2065
161,592.3,2070
161,592.3,2075
161,592.3,2080
161,592.3,2085
161,592.3,2090
161,592.3,2095
161,592.3,2100
162,933.9,1970
162,933.9,1975
162,933.9,1980
162,933.9,1985
162,933.9,1990
162,933.9,1995
162,933.9,2000
162,933.9,2005
162,933.9,2010
162,933.9,2015
162,933.9,2020
162,933.9,2025
162,933.9,2030
162,933.9,2035
162,933.9,2040
162,933.9,2045
162,933.9,2050
162,933.9,2055
162,933.9,2060
162,933.9,2065
162,933.9,2070
162,933.9,2075
162,933.9,2080
162,933.9,2085
162,933.9,2090
162,933.9,2095
162,933.9,2100
163,651.3,1970
163,651.3,1975
163,651.3,1980
163,651.3,1985
163,651.3,1990
163,651.3,1995
163,651.3,2000
163,651.3,2005
163,651.3,2010
163,651.3,2015
163,651.3,2020
163,651.3,2025
163,651.3,2030
163,651.3,2035
163,651.3,2040
163,651.3,2045
163,651.3,2050
163,651.3,2055
163,651.3,2060
163,651.3,2065
163,651.3,2070
163,651.3,2075
163,651.3,2080
163,651.3,2085
163,651.3,2090
163,651.3,2095
163,651.3,2100
164,195.3,1970
164,195.3,1975
164,195.3,1980
164,195.3,1985
164,195.3,1990
164,195.3,1995
164,195.3,2000
164,195.3,2005
164,195.3,2010
164,195.3,2015
164,195.3,2020
164,195.3,2025
164,195.3,2030
164,195.3,2035
164,195.3,2040
164,195.3,2045
164,195.3,2050
164,195.3,2055
164,195.3,2060
164,195.3,2065
164,195.3,2070
164,195.3,2075
164,195.3,2080
164,195.3,2085
164,195.3,2090
164,195.3,2095
164,195.3,2100
165,776.7,1970
165,776.7,1975
165,776.7,1980
165,776.7,1985
165,776.7,1990
165,776.7,1995
165,776.7,2000
165,776.7,2005
165,776.7,2010
165,776.7,2015
165,776.7,2020
165,776.7,2025
165,776.7,2030
165,776.7,2035
165,776.7,2040
165,776.7,2045
165,776.7,2050
165,776.7,2055
165,776.7,2060
165,776.7,2065
165,776.7,2070
165,776.7,2075
165,776.7,2080
165,776.7,2085
165,776.7,2090
165,776.7,2095
165,776.7,2100
166,224.3,1970
166,224.3,1975
166,224.3,1980
166,224.3,1985
166,224.3,1990
166,224.3,1995
166,224.3,2000
166,224.3,2005
166,224.3,2010
166,224.3,2015
166,224.3,2020
166,224.3,2025
166,224.3,2030
166,224.3,2035
166,224.3,2040
166,224.3,2045
166,224.3,2050
166,224.3,2055
166,224.3,2060
166,224.3,2065
166,224.3,2070
166,224.3,2075
166,224.3,2080
166,224.3,2085
166,224.3,2090
166,224.3,2095
166,224.3,2100
167,688.7,1970
167,688.7,1975
167,688.7,1980
167,688.7,1985
167,688.7,1990
167,688.7,1995
167,688.7,2000
167,688.7,2005
167,688.7,2010
167,688.7,2015
167,688.7,2020
167,688.7,2025
167,688.7,2030
167,688.7,2035
167,688.7,2040
167,688.7,2045
167,688.7,2050
167,688.7,2055
167,688.7,2060
167,688.7,2065
167,688.7,2070
167,688.7,2075
167,688.7,2080
167,688.7,2085
167,688.7,2090
167,688.7,2095
167,688.7,2100
168,5585.9,1970
168,5585.9,1975
168,5585.9,1980
168,5585.9,1985
168,5585.9,1990
168,5585.9,1995
168,5585.9,2000
168,5585.9,2005
168,5585.9,2010
168,5585.9,2015
168,5585.9,2020
168,5585.9,2025
168,5585.9,2030
168,5585.9,2035
168,5585.9,2040
168,5585.9,2045
168,5585.9,2050
168,5585.9,2055
168,5585.9,2060
168,5585.9,2065
168,5585.9,2070
168,5585.9,2075
168,5585.9,2080
168,5585.9,2085
168,5585.9,2090
168,5585.9,2095
168,5585.9,2100
169,658.9,1970
169,658.9,1975
169,658.9,1980
169,658.9,1985
169,658.9,1990
169,658.9,1995
169,658.9,2000
169,658.9,2005
169,658.9,2010
169,658.9,2015
169,658.9,2020
169,658.9,2025
169,658.9,2030
169,658.9,2035
169,658.9,2040
169,658.9,2045
169,658.9,2050
169,658.9,2055
169,658.9,2060
169,658.9,2065
169,658.9,2070
169,658.9,2075
169,658.9,2080
169,658.9,2085
169,658.9,2090
169,658.9,2095
169,658.9,2100
170,102.9,1970
170,102.9,1975
170,102.9,1980
170,102.9,1985
170,102.9,1990
170,102.9,1995
170,102.9,2000
170,102.9,2005
170,102.9,2010
170,102.9,2015
170,102.9,2020
170,102.9,2025
170,102.9,2030
170,102.9,2035
170,102.9,2040
170,102.9,2045
170,102.9,2050
170,102.9,2055
170,102.9,2060
170,102.9,2065
170,102.9,2070
170,102.9,2075
170,102.9,2080
170,102.9,2085
170,102.9,2090
170,102.9,2095
170,102.9,2100
171,213.4,1970
171,213.4,1975
171,213.4,1980
171,213.4,1985
171,213.4,1990
171,213.4,1995
171,213.4,2000
171,213.4,2005
171,213.4,2010
171,213.4,2015
171,213.4,2020
171,213.4,2025
171,213.4,2030
171,213.4,2035
171,213.4,2040
171,213.4,2045
171,213.4,2050
171,213.4,2055
171,213.4,2060
171,213.4,2065
171,213.4,2070
171,213.4,2075
171,213.4,2080
171,213.4,2085
171,213.4,2090
171,213.4,2095
171,213.4,2100
172,156.7,1970
172,156.7,1975
172,156.7,1980
172,156.7,1985
172,156.7,1990
172,156.7,1995
172,156.7,2000
172,156.7,2005
172,156.7,2010
172,156.7,2015
172,156.7,2020
172,156.7,2025
172,156.7,2030
172,156.7,2035
172,156.7,2040
172,156.7,2045
172,156.7,2050
172,156.7,2055
172,156.7,2060
172,156.7,2065
172,156.7,2070
172,156.7,2075
172,156.7,2080
172,156.7,2085
172,156.7,2090
172,156.7,2095
172,156.7,2100
173,638,1970
173,638,1975
173,638,1980
173,638,1985
173,638,1990
173,638,1995
173,638,2000
173,638,2005
173,638,2010
173,638,2015
173,638,2020
173,638,2025
173,638,2030
173,638,2035
173,638,2040
173,638,2045
173,638,2050
173,638,2055
173,638,2060
173,638,2065
173,638,2070
173,638,2075
173,638,2080
173,638,2085
173,638,2090
173,638,2095
173,638,2100
174,420,1970
174,420,1975
174,420,1980
174,420,1985
174,420,1990
174,420,1995
174,420,2000
174,420,2005
174,420,2010
174,420,2015
174,420,2020
174,420,2025
174,420,2030
174,420,2035
174,420,2040
174,420,2045
174,420,2050
174,420,2055
174,420,2060
174,420,2065
174,420,2070
174,420,2075
174,420,2080
174,420,2085
174,420,2090
174,420,2095
174,420,2100
175,240.8,1970
175,240.8,1975
175,240.8,1980
175,240.8,1985
175,240.8,1990
175,240.8,1995
175,240.8,2000
175,240.8,2005
175,240.8,2010
175,240.8,2015
175,240.8,2020
175,240.8,2025
175,240.8,2030
175,240.8,2035
175,240.8,2040
175,240.8,2045
175,240.8,2050
175,240.8,2055
175,240.8,2060
175,240.8,2065
175,240.8,2070
175,240.8,2075
175,240.8,2080
175,240.8,2085
175,240.8,2090
175,240.8,2095
175,240.8,2100
176,72.5,1970
176,72.5,1975
176,72.5,1980
176,72.5,1985
176,72.5,1990
176,72.5,1995
176,72.5,2000
176,72.5,2005
176,72.5,2010
176,72.5,2015
176,72.5,2020
176,72.5,2025
176,72.5,2030
176,72.5,2035
176,72.5,2040
176,72.5,2045
176,72.5,2050
176,72.5,2055
176,72.5,2060
176,72.5,2065
176,72.5,2070
176,72.5,2075
176,72.5,2080
176,72.5,2085
176,72.5,2090
176,72.5,2095
176,72.5,2100
177,503.8,1970
177,503.8,1975
177,503.8,1980
177,503.8,1985
177,503.8,1990
177,503.8,1995
177,503.8,2000
177,503.8,2005
177,503.8,2010
177,503.8,2015
177,503.8,2020
177,503.8,2025
177,503.8,2030
177,503.8,2035
177,503.8,2040
177,503.8,2045
177,503.8,2050
177,503.8,2055
177,503.8,2060
177,503.8,2065
177,503.8,2070
177,503.8,2075
177,503.8,2080
177,503.8,2085
177,503.8,2090
177,503.8,2095
177,503.8,2100
178,115.8,1970
178,115.8,1975
178,115.8,1980
178,115.8,1985
178,115.8,1990
178,115.8,1995
178,115.8,2000
178,115.8,2005
178,115.8,2010
178,115.8,2015
178,115.8,2020
178,115.8,2025
178,115.8,2030
178,115.8,2035
178,115.8,2040
178,115.8,2045
178,115.8,2050
178,115.8,2055
178,115.8,2060
178,115.8,2065
178,115.8,2070
178,115.8,2075
178,115.8,2080
178,115.8,2085
178,115.8,2090
178,115.8,2095
178,115.8,2100
179,102.2,1970
179,102.2,1975
179,102.2,1980
179,102.2,1985
179,102.2,1990
179,102.2,1995
179,102.2,2000
179,102.2,2005
179,102.2,2010
179,102.2,2015
179,102.2,2020
179,102.2,2025
179,102.2,2030
179,102.2,2035
179,102.2,2040
179,102.2,2045
179,102.2,2050
179,102.2,2055
179,102.2,2060
179,102.2,2065
179,102.2,2070
179,102.2,2075
179,102.2,2080
179,102.2,2085
179,102.2,2090
179,102.2,2095
179,102.2,2100
180,28.4,1970
180,28.4,1975
180,28.4,1980
180,28.4,1985
180,28.4,1990
180,28.4,1995
180,28.4,2000
180,28.4,2005
180,28.4,2010
180,28.4,2015
180,28.4,2020
180,28.4,2025
180,28.4,2030
180,28.4,2035
180,28.4,2040
180,28.4,2045
180,28.4,2050
180,28.4,2055
180,28.4,2060
180,28.4,2065
180,28.4,2070
180,28.4,2075
180,28.4,2080
180,28.4,2085
180,28.4,2090
180,28.4,2095
180,28.4,2100
181,137.4,1970
181,137.4,1975
181,137.4,1980
181,137.4,1985
181,137.4,1990
181,137.4,1995
181,137.4,2000
181,137.4,2005
181,137.4,2010
181,137.4,2015
181,137.4,2020
181,137.4,2025
181,137.4,2030
181,137.4,2035
181,137.4,2040
181,137.4,2045
181,137.4,2050
181,137.4,2055
181,137.4,2060
181,137.4,2065
181,137.4,2070
181,137.4,2075
181,137.4,2080
181,137.4,2085
181,137.4,2090
181,137.4,2095
181,137.4,2100
182,75.9,1970
182,75.9,1975
182,75.9,1980
182,75.9,1985
182,75.9,1990
182,75.9,1995
182,75.9,2000
182,75.9,2005
182,75.9,2010
182,75.9,2015
182,75.9,2020
182,75.9,2025
182,75.9,2030
182,75.9,2035
182,75.9,2040
182,75.9,2045
182,75.9,2050
182,75.9,2055
182,75.9,2060
182,75.9,2065
182,75.9,2070
182,75.9,2075
182,75.9,2080
182,75.9,2085
182,75.9,2090
182,75.9,2095
182,75.9,2100
183,1245.3,1970
183,1245.3,1975
183,1245.3,1980
183,1245.3,1985
183,1245.3,1990
183,1245.3,1995
183,1245.3,2000
183,1245.3,2005
183,1245.3,2010
183,1245.3,2015
183,1245.3,2020
183,1245.3,2025
183,1245.3,2030
183,1245.3,2035
183,1245.3,2040
183,1245.3,2045
183,1245.3,2050
183,1245.3,2055
183,1245.3,2060
183,1245.3,2065
183,1245.3,2070
183,1245.3,2075
183,1245.3,2080
183,1245.3,2085
183,1245.3,2090
183,1245.3,2095
183,1245.3,2100
184,201.4,1970
184,201.4,1975
184,201.4,1980
184,201.4,1985
184,201.4,1990
184,201.4,1995
184,201.4,2000
184,201.4,2005
184,201.4,2010
184,201.4,2015
184,201.4,2020
184,201.4,2025
184,201.4,2030
184,201.4,2035
184,201.4,2040
184,201.4,2045
184,201.4,2050
184,201.4,2055
184,201.4,2060
184,201.4,2065
184,201.4,2070
184,201.4,2075
184,201.4,2080
184,201.4,2085
184,201.4,2090
184,201.4,2095
184,201.4,2100
185,549.6,1970
185,549.6,1975
185,549.6,1980
185,549.6,1985
185,549.6,1990
185,549.6,1995
185,549.6,2000
185,549.6,2005
185,549.6,2010
185,549.6,2015
185,549.6,2020
185,549.6,2025
185,549.6,2030
185,549.6,2035
185,549.6,2040
185,549.6,2045
185,549.6,2050
185,549.6,2055
185,549.6,2060
185,549.6,2065
185,549.6,2070
185,549.6,2075
185,549.6,2080
185,549.6,2085
185,549.6,2090
185,549.6,2095
185,549.6,2100
186,82.5,1970
186,82.5,1975
186,82.5,1980
186,82.5,1985
186,82.5,1990
186,82.5,1995
186,82.5,2000
186,82.5,2005
186,82.5,2010
186,82.5,2015
186,82.5,2020
186,82.5,2025
186,82.5,2030
186,82.5,2035
186,82.5,2040
186,82.5,2045
186,82.5,2050
186,82.5,2055
186,82.5,2060
186,82.5,2065
186,82.5,2070
186,82.5,2075
186,82.5,2080
186,82.5,2085
186,82.5,2090
186,82.5,2095
186,82.5,2100
187,84.5,1970
187,84.5,1975
187,84.5,1980
187,84.5,1985
187,84.5,1990
187,84.5,1995
187,84.5,2000
187,84.5,2005
187,84.5,2010
187,84.5,2015
187,84.5,2020
187,84.5,2025
187,84.5,2030
187,84.5,2035
187,84.5,2040
187,84.5,2045
187,84.5,2050
187,84.5,2055
187,84.5,2060
187,84.5,2065
187,84.5,2070
187,84.5,2075
187,84.5,2080
187,84.5,2085
187,84.5,2090
187,84.5,2095
187,84.5,2100
188,101.9,1970
188,101.9,1975
188,101.9,1980
188,101.9,1985
188,101.9,1990
188,101.9,1995
188,101.9,2000
188,101.9,2005
188,101.9,2010
188,101.9,2015
188,101.9,2020
188,101.9,2025
188,101.9,2030
188,101.9,2035
188,101.9,2040
188,101.9,2045
188,101.9,2050
188,101.9,2055
188,101.9,2060
188,101.9,2065
188,101.9,2070
188,101.9,2075
188,101.9,2080
188,101.9,2085
188,101.9,2090
188,101.9,2095
188,101.9,2100
189,201.3,1970
189,201.3,1975
189,201.3,1980
189,201.3,1985
189,201.3,1990
189,201.3,1995
189,201.3,2000
189,201.3,2005
189,201.3,2010
189,201.3,2015
189,201.3,2020
189,201.3,2025
189,201.3,2030
189,201.3,2035
189,201.3,2040
189,201.3,2045
189,201.3,2050
189,201.3,2055
189,201.3,2060
189,201.3,2065
189,201.3,2070
189,201.3,2075
189,201.3,2080
189,201.3,2085
189,201.3,2090
189,201.3,2095
189,201.3,2100
190,34.5,1970
190,34.5,1975
190,34.5,1980
190,34.5,1985
190,34.5,1990
190,34.5,1995
190,34.5,2000
190,34.5,2005
190,34.5,2010
190,34.5,2015
190,34.5,2020
190,34.5,2025
190,34.5,2030
190,34.5,2035
190,34.5,2040
190,34.5,2045
190,34.5,2050
190,34.5,2055
190,34.5,2060
190,34.5,2065
190,34.5,2070
190,34.5,2075
190,34.5,2080
190,34.5,2085
190,34.5,2090
190,34.5,2095
190,34.5,2100
191,42.1,1970
191,42.1,1975
191,42.1,1980
191,42.1,1985
191,42.1,1990
191,42.1,1995
191,42.1,2000
191,42.1,2005
191,42.1,2010
191,42.1,2015
191,42.1,2020
191,42.1,2025
191,42.1,2030
191,42.1,2035
191,42.1,2040
191,42.1,2045
191,42.1,2050
191,42.1,2055
191,42.1,2060
191,42.1,2065
191,42.1,2070
191,42.1,2075
191,42.1,2080
191,42.1,2085
191,42.1,2090
191,42.1,2095
191,42.1,2100
192,114.4,1970
192,114.4,1975
192,114.4,1980
192,114.4,1985
192,114.4,1990
192,114.4,1995
192,114.4,2000
192,114.4,2005
192,114.4,2010
192,114.4,2015
192,114.4,2020
192,114.4,2025
192,114.4,2030
192,114.4,2035
192,114.4,2040
192,114.4,2045
192,114.4,2050
192,114.4,2055
192,114.4,2060
192,114.4,2065
192,114.4,2070
192,114.4,2075
192,114.4,2080
192,114.4,2085
192,114.4,2090
192,114.4,2095
192,114.4,2100
193,84,1970
193,84,1975
193,84,1980
193,84,1985
193,84,1990
193,84,1995
193,84,2000
193,84,2005
193,84,2010
193,84,2015
193,84,2020
193,84,2025
193,84,2030
193,84,2035
193,84,2040
193,84,2045
193,84,2050
193,84,2055
193,84,2060
193,84,2065
193,84,2070
193,84,2075
193,84,2080
193,84,2085
193,84,2090
193,84,2095
193,84,2100
194,50.7,1970
194,50.7,1975
194,50.7,1980
194,50.7,1985
194,50.7,1990
194,50.7,1995
194,50.7,2000
194,50.7,2005
194,50.7,2010
194,50.7,2015
194,50.7,2020
194,50.7,2025
194,50.7,2030
194,50.7,2035
194,50.7,2040
194,50.7,2045
194,50.7,2050
194,50.7,2055
194,50.7,2060
194,50.7,2065
194,50.7,2070
194,50.7,2075
194,50.7,2080
194,50.7,2085
194,50.7,2090
194,50.7,2095
194,50.7,2100
195,316,1970
195,316,1975
195,316,1980
195,316,1985
195,316,1990
195,316,1995
195,316,2000
195,316,2005
195,316,2010
195,316,2015
195,316,2020
195,316,2025
195,316,2030
195,316,2035
195,316,2040
195,316,2045
195,316,2050
195,316,2055
195,316,2060
195,316,2065
195,316,2070
195,316,2075
195,316,2080
195,316,2085
195,316,2090
195,316,2095
195,316,2100
196,7.9,1970
196,7.9,1975
196,7.9,1980
196,7.9,1985
196,7.9,1990
196,7.9,1995
196,7.9,2000
196,7.9,2005
196,7.9,2010
196,7.9,2015
196,7.9,2020
196,7.9,2025
196,7.9,2030
196,7.9,2035
196,7.9,2040
196,7.9,2045
196,7.9,2050
196,7.9,2055
196,7.9,2060
196,7.9,2065
196,7.9,2070
196,7.9,2075
196,7.9,2080
196,7.9,2085
196,7.9,2090
196,7.9,2095
196,7.9,2100
197,25.9,1970
197,25.9,1975
197,25.9,1980
197,25.9,1985
197,25.9,1990
197,25.9,1995
197,25.9,2000
197,25.9,2005
197,25.9,2010
197,25.9,2015
197,25.9,2020
197,25.9,2025
197,25.9,2030
197,25.9,2035
197,25.9,2040
197,25.9,2045
197,25.9,2050
197,25.9,2055
197,25.9,2060
197,25.9,2065
197,25.9,2070
197,25.9,2075
197,25.9,2080
197,25.9,2085
197,25.9,2090
197,25.9,2095
197,25.9,2100
198,73.2,1970
198,73.2,1975
198,73.2,1980
198,73.2,1985
198,73.2,1990
198,73.2,1995
198,73.2,2000
198,73.2,2005
198,73.2,2010
198,73.2,2015
198,73.2,2020
198,73.2,2025
198,73.2,2030
198,73.2,2035
198,73.2,2040
198,73.2,2045
198,73.2,2050
198,73.2,2055
198,73.2,2060
198,73.2,2065
198,73.2,2070
198,73.2,2075
198,73.2,2080
198,73.2,2085
198,73.2,2090
198,73.2,2095
198,73.2,2100
199,27.8,1970
199,27.8,1975
199,27.8,1980
199,27.8,1985
199,27.8,1990
199,27.8,1995
199,27.8,2000
199,27.8,2005
199,27.8,2010
199,27.8,2015
199,27.8,2020
199,27.8,2025
199,27.8,2030
199,27.8,2035
199,27.8,2040
199,27.8,2045
199,27.8,2050
199,27.8,2055
199,27.8,2060
199,27.8,2065
199,27.8,2070
199,27.8,2075
199,27.8,2080
199,27.8,2085
199,27.8,2090
199,27.8,2095
199,27.8,2100
200,41.7,1970
200,41.7,1975
200,41.7,1980
200,41.7,1985
200,41.7,1990
200,41.7,1995
200,41.7,2000
200,41.7,2005
200,41.7,2010
200,41.7,2015
200,41.7,2020
200,41.7,2025
200,41.7,2030
200,41.7,2035
200,41.7,2040
200,41.7,2045
200,41.7,2050
200,41.7,2055
200,41.7,2060
200,41.7,2065
200,41.7,2070
200,41.7,2075
200,41.7,2080
200,41.7,2085
200,41.7,2090
200,41.7,2095
200,41.7,2100
201,349.5,1970
201,349.5,1975
201,349.5,1980
201,349.5,1985
201,349.5,1990
201,349.5,1995
201,349.5,2000
201,349.5,2005
201,349.5,2010
201,349.5,2015
201,349.5,2020
201,349.5,2025
201,349.5,2030
201,349.5,2035
201,349.5,2040
201,349.5,2045
201,349.5,2050
201,349.5,2055
201,349.5,2060
201,349.5,2065
201,349.5,2070
201,349.5,2075
201,349.5,2080
201,349.5,2085
201,349.5,2090
201,349.5,2095
201,349.5,2100
202,20.1,1970
202,20.1,1975
202,20.1,1980
202,20.1,1985
202,20.1,1990
202,20.1,1995
202,20.1,2000
202,20.1,2005
202,20.1,2010
202,20.1,2015
202,20.1,2020
202,20.1,2025
202,20.1,2030
202,20.1,2035
202,20.1,2040
202,20.1,2045
202,20.1,2050
202,20.1,2055
202,20.1,2060
202,20.1,2065
202,20.1,2070
202,20.1,2075
202,20.1,2080
202,20.1,2085
202,20.1,2090
202,20.1,2095
202,20.1,2100
203,18.9,1970
203,18.9,1975
203,18.9,1980
203,18.9,1985
203,18.9,1990
203,18.9,1995
203,18.9,2000
203,18.9,2005
203,18.9,2010
203,18.9,2015
203,18.9,2020
203,18.9,2025
203,18.9,2030
203,18.9,2035
203,18.9,2040
203,18.9,2045
203,18.9,2050
203,18.9,2055
203,18.9,2060
203,18.9,2065
203,18.9,2070
203,18.9,2075
203,18.9,2080
203,18.9,2085
203,18.9,2090
203,18.9,2095
203,18.9,2100
204,11.9,1970
204,11.9,1975
204,11.9,1980
204,11.9,1985
204,11.9,1990
204,11.9,1995
204,11.9,2000
204,11.9,2005
204,11.9,2010
204,11.9,2015
204,11.9,2020
204,11.9,2025
204,11.9,2030
204,11.9,2035
204,11.9,2040
204,11.9,2045
204,11.9,2050
204,11.9,2055
204,11.9,2060
204,11.9,2065
204,11.9,2070
204,11.9,2075
204,11.9,2080
204,11.9,2085
204,11.9,2090
204,11.9,2095
204,11.9,2100
205,14.2,1970
205,14.2,1975
205,14.2,1980
205,14.2,1985
205,14.2,1990
205,14.2,1995
205,14.2,2000
205,14.2,2005
205,14.2,2010
205,14.2,2015
205,14.2,2020
205,14.2,2025
205,14.2,2030
205,14.2,2035
205,14.2,2040
205,14.2,2045
205,14.2,2050
205,14.2,2055
205,14.2,2060
205,14.2,2065
205,14.2,2070
205,14.2,2075
205,14.2,2080
205,14.2,2085
205,14.2,2090
205,14.2,2095
205,14.2,2100
206,843.9,1970
206,843.9,1975
206,843.9,1980
206,843.9,1985
206,843.9,1990
206,843.9,1995
206,843.9,2000
206,843.9,2005
206,843.9,2010
206,843.9,2015
206,843.9,2020
206,843.9,2025
206,843.9,2030
206,843.9,2035
206,843.9,2040
206,843.9,2045
206,843.9,2050
206,843.9,2055
206,843.9,2060
206,843.9,2065
206,843.9,2070
206,843.9,2075
206,843.9,2080
206,843.9,2085
206,843.9,2090
206,843.9,2095
206,843.9,2100
207,18.4,1970
207,18.4,1975
207,18.4,1980
207,18.4,1985
207,18.4,1990
207,18.4,1995
207,18.4,2000
207,18.4,2005
207,18.4,2010
207,18.4,2015
207,18.4,2020
207,18.4,2025
207,18.4,2030
207,18.4,2035
207,18.4,2040
207,18.4,2045
207,18.4,2050
207,18.4,2055
207,18.4,2060
207,18.4,2065
207,18.4,2070
207,18.4,2075
207,18.4,2080
207,18.4,2085
207,18.4,2090
207,18.4,2095
207,18.4,2100
208,40.6,1970
208,40.6,1975
208,40.6,1980
208,40.6,1985
208,40.6,1990
208,40.6,1995
208,40.6,2000
208,40.6,2005
208,40.6,2010
208,40.6,2015
208,40.6,2020
208,40.6,2025
208,40.6,2030
208,40.6,2035
208,40.6,2040
208,40.6,2045
208,40.6,2050
208,40.6,2055
208,40.6,2060
208,40.6,2065
208,40.6,2070
208,40.6,2075
208,40.6,2080
208,40.6,2085
208,40.6,2090
208,40.6,2095
208,40.6,2100
209,32.3,1970
209,32.3,1975
209,32.3,1980
209,32.3,1985
209,32.3,1990
209,32.3,1995
209,32.3,2000
209,32.3,2005
209,32.3,2010
209,32.3,2015
209,32.3,2020
209,32.3,2025
209,32.3,2030
209,32.3,2035
209,32.3,2040
209,32.3,2045
209,32.3,2050
209,32.3,2055
209,32.3,2060
209,32.3,2065
209,32.3,2070
209,32.3,2075
209,32.3,2080
209,32.3,2085
209,32.3,2090
209,32.3,2095
209,32.3,2100
210,55.2,1970
210,55.2,1975
210,55.2,1980
210,55.2,1985
210,55.2,1990
210,55.2,1995
210,55.2,2000
210,55.2,2005
210,55.2,2010
210,55.2,2015
210,55.2,2020
210,55.2,2025
210,55.2,2030
210,55.2,2035
210,55.2,2040
210,55.2,2045
210,55.2,2050
210,55.2,2055
210,55.2,2060
210,55.2,2065
210,55.2,2070
210,55.2,2075
210,55.2,2080
210,55.2,2085
210,55.2,2090
210,55.2,2095
210,55.2,2100
211,54.7,1970
211,54.7,1975
211,54.7,1980
211,54.7,1985
211,54.7,1990
211,54.7,1995
211,54.7,2000
211,54.7,2005
211,54.7,2010
211,54.7,2015
211,54.7,2020
211,54.7,2025
211,54.7,2030
211,54.7,2035
211,54.7,2040
211,54.7,2045
211,54.7,2050
211,54.7,2055
211,54.7,2060
211,54.7,2065
211,54.7,2070
211,54.7,2075
211,54.7,2080
211,54.7,2085
211,54.7,2090
211,54.7,2095
211,54.7,2100
212,45.2,1970
212,45.2,1975
212,45.2,1980
212,45.2,1985
212,45.2,1990
212,45.2,1995
212,45.2,2000
212,45.2,2005
212,45.2,2010
212,45.2,2015
212,45.2,2020
212,45.2,2025
212,45.2,2030
212,45.2,2035
212,45.2,2040
212,45.2,2045
212,45.2,2050
212,45.2,2055
212,45.2,2060
212,45.2,2065
212,45.2,2070
212,45.2,2075
212,45.2,2080
212,45.2,2085
212,45.2,2090
212,45.2,2095
212,45.2,2100
213,51.7,1970
213,51.7,1975
213,51.7,1980
213,51.7,1985
213,51.7,1990
213,51.7,1995
213,51.7,2000
213,51.7,2005
213,51.7,2010
213,51.7,2015
213,51.7,2020
213,51.7,2025
213,51.7,2030
213,51.7,2035
213,51.7,2040
213,51.7,2045
213,51.7,2050
213,51.7,2055
213,51.7,2060
213,51.7,2065
213,51.7,2070
213,51.7,2075
213,51.7,2080
213,51.7,2085
213,51.7,2090
213,51.7,2095
213,51.7,2100
214,13.6,1970
214,13.6,1975
214,13.6,1980
214,13.6,1985
214,13.6,1990
214,13.6,1995
214,13.6,2000
214,13.6,2005
214,13.6,2010
214,13.6,2015
214,13.6,2020
214,13.6,2025
214,13.6,2030
214,13.6,2035
214,13.6,2040
214,13.6,2045
214,13.6,2050
214,13.6,2055
214,13.6,2060
214,13.6,2065
214,13.6,2070
214,13.6,2075
214,13.6,2080
214,13.6,2085
214,13.6,2090
214,13.6,2095
214,13.6,2100
215,111.3,1970
215,111.3,1975
215,111.3,1980
215,111.3,1985
215,111.3,1990
215,111.3,1995
215,111.3,2000
215,111.3,2005
215,111.3,2010
215,111.3,2015
215,111.3,2020
215,111.3,2025
215,111.3,2030
215,111.3,2035
215,111.3,2040
215,111.3,2045
215,111.3,2050
215,111.3,2055
215,111.3,2060
215,111.3,2065
215,111.3,2070
215,111.3,2075
215,111.3,2080
215,111.3,2085
215,111.3,2090
215,111.3,2095
215,111.3,2100
217,119.5,1970
217,119.5,1975
217,119.5,1980
217,119.5,1985
217,119.5,1990
217,119.5,1995
217,119.5,2000
217,119.5,2005
217,119.5,2010
217,119.5,2015
217,119.5,2020
217,119.5,2025
217,119.5,2030
217,119.5,2035
217,119.5,2040
217,119.5,2045
217,119.5,2050
217,119.5,2055
217,119.5,2060
217,119.5,2065
217,119.5,2070
217,119.5,2075
217,119.5,2080
217,119.5,2085
217,119.5,2090
217,119.5,2095
217,119.5,2100
218,211.5,1970
218,211.5,1975
218,211.5,1980
218,211.5,1985
218,211.5,1990
218,211.5,1995
218,211.5,2000
218,211.5,2005
218,211.5,2010
218,211.5,2015
218,211.5,2020
218,211.5,2025
218,211.5,2030
218,211.5,2035
218,211.5,2040
218,211.5,2045
218,211.5,2050
218,211.5,2055
218,211.5,2060
218,211.5,2065
218,211.5,2070
218,211.5,2075
218,211.5,2080
218,211.5,2085
218,211.5,2090
218,211.5,2095
218,211.5,2100
219,170.1,1970
219,170.1,1975
219,170.1,1980
219,170.1,1985
219,170.1,1990
219,170.1,1995
219,170.1,2000
219,170.1,2005
219,170.1,2010
219,170.1,2015
219,170.1,2020
219,170.1,2025
219,170.1,2030
219,170.1,2035
219,170.1,2040
219,170.1,2045
219,170.1,2050
219,170.1,2055
219,170.1,2060
219,170.1,2065
219,170.1,2070
219,170.1,2075
219,170.1,2080
219,170.1,2085
219,170.1,2090
219,170.1,2095
219,170.1,2100
220,27.7,1970
220,27.7,1975
220,27.7,1980
220,27.7,1985
220,27.7,1990
220,27.7,1995
220,27.7,2000
220,27.7,2005
220,27.7,2010
220,27.7,2015
220,27.7,2020
220,27.7,2025
220,27.7,2030
220,27.7,2035
220,27.7,2040
220,27.7,2045
220,27.7,2050
220,27.7,2055
220,27.7,2060
220,27.7,2065
220,27.7,2070
220,27.7,2075
220,27.7,2080
220,27.7,2085
220,27.7,2090
220,27.7,2095
220,27.7,2100
221,6.7,1970
221,6.7,1975
221,6.7,1980
221,6.7,1985
221,6.7,1990
221,6.7,1995
221,6.7,2000
221,6.7,2005
221,6.7,2010
221,6.7,2015
221,6.7,2020
221,6.7,2025
221,6.7,2030
221,6.7,2035
221,6.7,2040
221,6.7,2045
221,6.7,2050
221,6.7,2055
221,6.7,2060
221,6.7,2065
221,6.7,2070
221,6.7,2075
221,6.7,2080
221,6.7,2085
221,6.7,2090
221,6.7,2095
221,6.7,2100
222,34.5,1970
222,34.5,1975
222,34.5,1980
222,34.5,1985
222,34.5,1990
222,34.5,1995
222,34.5,2000
222,34.5,2005
222,34.5,2010
222,34.5,2015
222,34.5,2020
222,34.5,2025
222,34.5,2030
222,34.5,2035
222,34.5,2040
222,34.5,2045
222,34.5,2050
222,34.5,2055
222,34.5,2060
222,34.5,2065
222,34.5,2070
222,34.5,2075
222,34.5,2080
222,34.5,2085
222,34.5,2090
222,34.5,2095
222,34.5,2100
223,277.1,1970
223,277.1,1975
223,277.1,1980
223,277.1,1985
223,277.1,1990
223,277.1,1995
223,277.1,2000
223,277.1,2005
223,277.1,2010
223,277.1,2015
223,277.1,2020
223,277.1,2025
223,277.1,2030
223,277.1,2035
223,277.1,2040
223,277.1,2045
223,277.1,2050
223,277.1,2055
223,277.1,2060
223,277.1,2065
223,277.1,2070
223,277.1,2075
223,277.1,2080
223,277.1,2085
223,277.1,2090
223,277.1,2095
223,277.1,2100
224,146.2,1970
224,146.2,1975
224,146.2,1980
224,146.2,1985
224,146.2,1990
224,146.2,1995
224,146.2,2000
224,146.2,2005
224,146.2,2010
224,146.2,2015
224,146.2,2020
224,146.2,2025
224,146.2,2030
224,146.2,2035
224,146.2,2040
224,146.2,2045
224,146.2,2050
224,146.2,2055
224,146.2,2060
224,146.2,2065
224,146.2,2070
224,146.2,2075
224,146.2,2080
224,146.2,2085
224,146.2,2090
224,146.2,2095
224,146.2,2100
225,88.1,1970
225,88.1,1975
225,88.1,1980
225,88.1,1985
225,88.1,1990
225,88.1,1995
225,88.1,2000
225,88.1,2005
225,88.1,2010
225,88.1,2015
225,88.1,2020
225,88.1,2025
225,88.1,2030
225,88.1,2035
225,88.1,2040
225,88.1,2045
225,88.1,2050
225,88.1,2055
225,88.1,2060
225,88.1,2065
225,88.1,2070
225,88.1,2075
225,88.1,2080
225,88.1,2085
225,88.1,2090
225,88.1,2095
225,88.1,2100
226,337.3,1970
226,337.3,1975
226,337.3,1980
226,337.3,1985
226,337.3,1990
226,337.3,1995
226,337.3,2000
226,337.3,2005
226,337.3,2010
226,337.3,2015
226,337.3,2020
226,337.3,2025
226,337.3,2030
226,337.3,2035
226,337.3,2040
226,337.3,2045
226,337.3,2050
226,337.3,2055
226,337.3,2060
226,337.3,2065
226,337.3,2070
226,337.3,2075
226,337.3,2080
226,337.3,2085
226,337.3,2090
226,337.3,2095
226,337.3,2100
227,404.7,1970
227,404.7,1975
227,404.7,1980
227,404.7,1985
227,404.7,1990
227,404.7,1995
227,404.7,2000
227,404.7,2005
227,404.7,2010
227,404.7,2015
227,404.7,2020
227,404.7,2025
227,404.7,2030
227,404.7,2035
227,404.7,2040
227,404.7,2045
227,404.7,2050
227,404.7,2055
227,404.7,2060
227,404.7,2065
227,404.7,2070
227,404.7,2075
227,404.7,2080
227,404.7,2085
227,404.7,2090
227,404.7,2095
227,404.7,2100
228,212.5,1970
228,212.5,1975
228,212.5,1980
228,212.5,1985
228,212.5,1990
228,212.5,1995
228,212.5,2000
228,212.5,2005
228,212.5,2010
228,212.5,2015
228,212.5,2020
228,212.5,2025
228,212.5,2030
228,212.5,2035
228,212.5,2040
228,212.5,2045
228,212.5,2050
228,212.5,2055
228,212.5,2060
228,212.5,2065
228,212.5,2070
228,212.5,2075
228,212.5,2080
228,212.5,2085
228,212.5,2090
228,212.5,2095
228,212.5,2100
229,337.7,1970
229,337.7,1975
229,337.7,1980
229,337.7,1985
229,337.7,1990
229,337.7,1995
229,337.7,2000
229,337.7,2005
229,337.7,2010
229,337.7,2015
229,337.7,2020
229,337.7,2025
229,337.7,2030
229,337.7,2035
229,337.7,2040
229,337.7,2045
229,337.7,2050
229,337.7,2055
229,337.7,2060
229,337.7,2065
229,337.7,2070
229,337.7,2075
229,337.7,2080
229,337.7,2085
229,337.7,2090
229,337.7,2095
229,337.7,2100
230,65.9,1970
230,65.9,1975
230,65.9,1980
230,65.9,1985
230,65.9,1990
230,65.9,1995
230,65.9,2000
230,65.9,2005
230,65.9,2010
230,65.9,2015
230,65.9,2020
230,65.9,2025
230,65.9,2030
230,65.9,2035
230,65.9,2040
230,65.9,2045
230,65.9,2050
230,65.9,2055
230,65.9,2060
230,65.9,2065
230,65.9,2070
230,65.9,2075
230,65.9,2080
230,65.9,2085
230,65.9,2090
230,65.9,2095
230,65.9,2100
231,37.5,1970
231,37.5,1975
231,37.5,1980
231,37.5,1985
231,37.5,1990
231,37.5,1995
231,37.5,2000
231,37.5,2005
231,37.5,2010
231,37.5,2015
231,37.5,2020
231,37.5,2025
231,37.5,2030
231,37.5,2035
231,37.5,2040
231,37.5,2045
231,37.5,2050
231,37.5,2055
231,37.5,2060
231,37.5,2065
231,37.5,2070
231,37.5,2075
231,37.5,2080
231,37.5,2085
231,37.5,2090
231,37.5,2095
231,37.5,2100
232,116,1970
232,116,1975
232,116,1980
232,116,1985
232,116,1990
232,116,1995
232,116,2000
232,116,2005
232,116,2010
232,116,2015
232,116,2020
232,116,2025
232,116,2030
232,116,2035
232,116,2040
232,116,2045
232,116,2050
232,116,2055
232,116,2060
232,116,2065
232,116,2070
232,116,2075
232,116,2080
232,116,2085
232,116,2090
232,116,2095
232,116,2100
233,150.3,1970
233,150.3,1975
233,150.3,1980
233,150.3,1985
233,150.3,1990
233,150.3,1995
233,150.3,2000
233,150.3,2005
233,150.3,2010
233,150.3,2015
233,150.3,2020
233,150.3,2025
233,150.3,2030
233,150.3,2035
233,150.3,2040
233,150.3,2045
233,150.3,2050
233,150.3,2055
233,150.3,2060
233,150.3,2065
233,150.3,2070
233,150.3,2075
233,150.3,2080
233,150.3,2085
233,150.3,2090
233,150.3,2095
233,150.3,2100
234,96.6,1970
234,96.6,1975
234,96.6,1980
234,96.6,1985
234,96.6,1990
234,96.6,1995
234,96.6,2000
234,96.6,2005
234,96.6,2010
234,96.6,2015
234,96.6,2020
234,96.6,2025
234,96.6,2030
234,96.6,2035
234,96.6,2040
234,96.6,2045
234,96.6,2050
234,96.6,2055
234,96.6,2060
234,96.6,2065
234,96.6,2070
234,96.6,2075
234,96.6,2080
234,96.6,2085
234,96.6,2090
234,96.6,2095
234,96.6,2100
235,50.5,1970
235,50.5,1975
235,50.5,1980
235,50.5,1985
235,50.5,1990
235,50.5,1995
235,50.5,2000
235,50.5,2005
235,50.5,2010
235,50.5,2015
235,50.5,2020
235,50.5,2025
235,50.5,2030
235,50.5,2035
235,50.5,2040
235,50.5,2045
235,50.5,2050
235,50.5,2055
235,50.5,2060
235,50.5,2065
235,50.5,2070
235,50.5,2075
235,50.5,2080
235,50.5,2085
235,50.5,2090
235,50.5,2095
235,50.5,2100
